rule_op_id,op_id,vhc_id,net_sys_id,net_lyr_id,net_id,nod_sys_id,nod_lyr_id,nod_id,add_at,net_ver,is_out_bound,node_passenger_rad,cur,inc,dec,lon,lat,cap_time_flag,diff_time_ms,max_delay_ms
5,5,13,,,,,,,2026-08-05 17:00:00.150614,,true,100,7,4,11,,,2,200000,150000
5,5,13,,,,,,,2026-08-05 17:00:30.150614,,true,100,3,18,13,,,2,200000,150000
5,5,13,,,,,,,2026-08-05 17:01:00.150614,,true,100,7,2,13,,,2,200000,150000
5,5,13,,,,,,,2026-08-05 17:01:30.150614,,true,100,1,1,16,,,2,200000,150000
5,5,13,,,,,,,2026-08-05 17:02:00.150614,,true,100,6,8,19,,,2,200000,150000
5,5,13,,,,,,,2026-08-05 17:02:30.150614,,true,100,6,3,18,,,2,200000,150000
5,5,13,,,,,,,2026-08-05 17:03:00.150614,,true,100,4,4,4,,,2,200000,150000
5,5,13,,,,,,,2026-08-05 17:03:30.150614,,true,100,8,16,14,,,2,200000,150000
5,5,13,,,,,,,2026-08-05 17:04:00.150614,,true,100,4,11,18,,,2,200000,150000
5,5,13,,,,,,,2026-08-05 17:04:30.150614,,true,100,5,10,4,,,2,200000,150000
5,5,13,,,,,,,2026-08-05 17:05:00.150614,,true,100,15,12,18,,,2,200000,150000
5,5,13,,,,,,,2026-08-05 17:05:30.150614,,true,100,0,1,20,,,2,200000,150000
5,5,13,,,,,,,2026-08-05 17:06:00.150614,,true,100,12,6,11,,,2,200000,150000
5,5,13,,,,,,,2026-08-05 17:06:30.150614,,true,100,9,12,0,,,2,200000,150000
5,5,13,,,,,,,2026-08-05 17:07:00.150614,,true,100,12,17,5,,,2,200000,150000
5,5,13,,,,,,,2026-08-05 17:07:30.150614,,true,100,4,18,9,,,2,200000,150000
5,5,13,,,,,,,2026-08-05 17:08:00.150614,,true,100,19,19,12,,,2,200000,150000
5,5,13,,,,,,,2026-08-05 17:08:30.150614,,true,100,17,15,2,,,2,200000,150000
5,5,13,,,,,,,2026-08-05 17:09:00.150614,,true,100,5,5,7,,,2,200000,150000
5,5,13,,,,,,,2026-08-05 17:09:30.150614,,true,100,20,17,1,,,2,200000,150000
5,5,13,,,,,,,2026-08-05 17:10:00.150614,,true,100,7,7,6,,,2,200000,150000
5,5,13,,,,,,,2026-08-05 17:10:30.150614,,true,100,13,20,11,,,2,200000,150000
5,5,13,,,,,,,2026-08-05 17:11:00.150614,,true,100,15,16,13,,,2,200000,150000
5,5,13,,,,,,,2026-08-05 17:11:30.150614,,true,100,17,0,4,,,2,200000,150000
5,5,13,,,,,,,2026-08-05 17:12:00.150614,,true,100,8,18,18,,,2,200000,150000
5,5,13,,,,,,,2026-08-05 17:12:30.150614,,true,100,11,0,6,,,2,200000,150000
5,5,13,,,,,,,2026-08-05 17:13:00.150614,,true,100,15,5,8,,,2,200000,150000
5,5,13,,,,,,,2026-08-05 17:13:30.150614,,true,100,7,3,16,,,2,200000,150000
5,5,13,,,,,,,2026-08-05 17:14:00.150614,,true,100,0,13,3,,,2,200000,150000
5,5,13,,,,,,,2026-08-05 17:14:30.150614,,true,100,16,7,18,,,2,200000,150000
5,5,13,,,,,,,2026-08-05 17:15:00.150614,,true,100,8,0,15,,,2,200000,150000
5,5,13,,,,,,,2026-08-05 17:15:30.150614,,true,100,19,13,5,,,2,200000,150000
5,5,13,,,,,,,2026-08-05 17:16:00.150614,,true,100,16,17,16,,,2,200000,150000
5,5,13,,,,,,,2026-08-05 17:16:30.150614,,true,100,5,15,7,,,2,200000,150000
5,5,13,,,,,,,2026-08-05 17:17:00.150614,,true,100,18,19,16,,,2,200000,150000
5,5,13,,,,,,,2026-08-05 17:17:30.150614,,true,100,19,16,16,,,2,200000,150000
5,5,13,,,,,,,2026-08-05 17:18:00.150614,,true,100,19,10,20,,,2,200000,150000
5,5,13,,,,,,,2026-08-05 17:18:30.150614,,true,100,2,2,17,,,2,200000,150000
5,5,13,,,,,,,2026-08-05 17:19:00.150614,,true,100,9,18,1,,,2,200000,150000
5,5,13,,,,,,,2026-08-05 17:19:30.150614,,true,100,18,20,8,,,2,200000,150000
5,5,13,,,,,,,2026-08-05 17:20:00.150614,,true,100,12,0,6,,,2,200000,150000
5,5,13,,,,,,,2026-08-05 17:20:30.150614,,true,100,6,6,20,,,2,200000,150000
5,5,13,,,,,,,2026-08-05 17:21:00.150614,,true,100,17,3,9,,,2,200000,150000
5,5,13,,,,,,,2026-08-05 17:21:30.150614,,true,100,4,16,11,,,2,200000,150000
5,5,13,,,,,,,2026-08-05 17:22:00.150614,,true,100,1,7,0,,,2,200000,150000
5,5,13,,,,,,,2026-08-05 17:22:30.150614,,true,100,14,5,16,,,2,200000,150000
5,5,13,,,,,,,2026-08-05 17:23:00.150614,,true,100,5,1,6,,,2,200000,150000
5,5,13,,,,,,,2026-08-05 17:23:30.150614,,true,100,11,1,1,,,2,200000,150000
5,5,13,,,,,,,2026-08-05 17:24:00.150614,,true,100,10,16,15,,,2,200000,150000
5,5,13,,,,,,,2026-08-05 17:24:30.150614,,true,100,10,10,19,,,2,200000,150000
5,5,13,,,,,,,2026-08-05 17:25:00.150614,,true,100,18,11,3,,,2,200000,150000
5,5,13,,,,,,,2026-08-05 17:25:30.150614,,true,100,14,10,9,,,2,200000,150000
5,5,13,,,,,,,2026-08-05 17:26:00.150614,,true,100,7,3,6,,,2,200000,150000
5,5,13,,,,,,,2026-08-05 17:26:30.150614,,true,100,1,17,20,,,2,200000,150000
5,5,13,,,,,,,2026-08-05 17:27:00.150614,,true,100,0,11,7,,,2,200000,150000
5,5,13,,,,,,,2026-08-05 17:27:30.150614,,true,100,14,2,15,,,2,200000,150000
5,5,13,,,,,,,2026-08-05 17:28:00.150614,,true,100,4,10,3,,,2,200000,150000
5,5,13,,,,,,,2026-08-05 17:28:30.150614,,true,100,8,4,19,,,2,200000,150000
5,5,13,,,,,,,2026-08-05 17:29:00.150614,,true,100,13,11,13,,,2,200000,150000
5,5,13,,,,,,,2026-08-05 17:29:30.150614,,true,100,19,3,12,,,2,200000,150000
5,5,13,,,,,,,2026-08-05 17:30:00.150614,,true,100,7,2,9,,,2,200000,150000
5,5,13,,,,,,,2026-08-05 17:30:30.150614,,true,100,7,9,14,,,2,200000,150000
5,5,13,,,,,,,2026-08-05 17:31:00.150614,,true,100,18,20,11,,,2,200000,150000
5,5,13,,,,,,,2026-08-05 17:31:30.150614,,true,100,5,20,0,,,2,200000,150000
5,5,13,,,,,,,2026-08-05 17:32:00.150614,,true,100,8,1,13,,,2,200000,150000
5,5,13,,,,,,,2026-08-05 17:32:30.150614,,true,100,20,1,15,,,2,200000,150000
5,5,13,,,,,,,2026-08-05 17:33:00.150614,,true,100,18,3,19,,,2,200000,150000
5,5,13,,,,,,,2026-08-05 17:33:30.150614,,true,100,4,4,3,,,2,200000,150000
5,5,13,,,,,,,2026-08-05 17:34:00.150614,,true,100,3,0,19,,,2,200000,150000
5,5,13,,,,,,,2026-08-05 17:34:30.150614,,true,100,16,4,5,,,2,200000,150000
5,5,13,,,,,,,2026-08-05 17:35:00.150614,,true,100,11,10,5,,,2,200000,150000
5,5,13,,,,,,,2026-08-05 17:35:30.150614,,true,100,3,17,4,,,2,200000,150000
5,5,13,,,,,,,2026-08-05 17:36:00.150614,,true,100,9,0,11,,,2,200000,150000
5,5,13,,,,,,,2026-08-05 17:36:30.150614,,true,100,11,12,2,,,2,200000,150000
5,5,13,,,,,,,2026-08-05 17:37:00.150614,,true,100,8,15,4,,,2,200000,150000
5,5,13,,,,,,,2026-08-05 17:37:30.150614,,true,100,4,19,15,,,2,200000,150000
5,5,13,,,,,,,2026-08-05 17:38:00.150614,,true,100,10,14,12,,,2,200000,150000
5,5,13,,,,,,,2026-08-05 17:38:30.150614,,true,100,1,10,20,,,2,200000,150000
5,5,13,,,,,,,2026-08-05 17:39:00.150614,,true,100,12,4,15,,,2,200000,150000
5,5,13,,,,,,,2026-08-05 17:39:30.150614,,true,100,8,15,8,,,2,200000,150000
5,5,13,,,,,,,2026-08-05 17:40:00.150614,,true,100,12,9,4,,,2,200000,150000
5,5,13,,,,,,,2026-08-05 17:40:30.150614,,true,100,11,17,1,,,2,200000,150000
5,5,13,,,,,,,2026-08-05 17:41:00.150614,,true,100,10,9,0,,,2,200000,150000
5,5,13,,,,,,,2026-08-05 17:41:30.150614,,true,100,20,15,10,,,2,200000,150000
5,5,13,,,,,,,2026-08-05 17:42:00.150614,,true,100,7,7,9,,,2,200000,150000
5,5,13,,,,,,,2026-08-05 17:42:30.150614,,true,100,5,9,4,,,2,200000,150000
5,5,13,,,,,,,2026-08-05 17:43:00.150614,,true,100,17,5,9,,,2,200000,150000
5,5,13,,,,,,,2026-08-05 17:43:30.150614,,true,100,20,2,1,,,2,200000,150000
5,5,13,,,,,,,2026-08-05 17:44:00.150614,,true,100,1,8,14,,,2,200000,150000
5,5,13,,,,,,,2026-08-05 17:44:30.150614,,true,100,6,18,14,,,2,200000,150000
5,5,13,,,,,,,2026-08-05 17:45:00.150614,,true,100,18,3,16,,,2,200000,150000
5,5,13,,,,,,,2026-08-05 17:45:30.150614,,true,100,5,4,12,,,2,200000,150000
5,5,13,,,,,,,2026-08-05 17:46:00.150614,,true,100,4,14,0,,,2,200000,150000
5,5,13,,,,,,,2026-08-05 17:46:30.150614,,true,100,4,7,1,,,2,200000,150000
5,5,13,,,,,,,2026-08-05 17:47:00.150614,,true,100,15,17,9,,,2,200000,150000
5,5,13,,,,,,,2026-08-05 17:47:30.150614,,true,100,11,19,15,,,2,200000,150000
5,5,13,,,,,,,2026-08-05 17:48:00.150614,,true,100,15,19,12,,,2,200000,150000
5,5,13,,,,,,,2026-08-05 17:48:30.150614,,true,100,20,15,12,,,2,200000,150000
5,5,13,,,,,,,2026-08-05 17:49:00.150614,,true,100,6,8,13,,,2,200000,150000
5,5,13,,,,,,,2026-08-05 17:49:30.150614,,true,100,9,9,15,,,2,200000,150000
5,5,13,,,,,,,2026-08-05 17:50:00.150614,,true,100,7,1,0,,,2,200000,150000
5,5,13,,,,,,,2026-08-05 17:50:30.150614,,true,100,12,0,16,,,2,200000,150000
5,5,13,,,,,,,2026-08-05 17:51:00.150614,,true,100,6,7,11,,,2,200000,150000
5,5,13,,,,,,,2026-08-05 17:51:30.150614,,true,100,13,13,6,,,2,200000,150000
5,5,13,,,,,,,2026-08-05 17:52:00.150614,,true,100,0,0,16,,,2,200000,150000
5,5,13,,,,,,,2026-08-05 17:52:30.150614,,true,100,16,18,4,,,2,200000,150000
5,5,13,,,,,,,2026-08-05 17:53:00.150614,,true,100,10,0,1,,,2,200000,150000
5,5,13,,,,,,,2026-08-05 17:53:30.150614,,true,100,15,3,17,,,2,200000,150000
5,5,13,,,,,,,2026-08-05 17:54:00.150614,,true,100,8,0,7,,,2,200000,150000
5,5,13,,,,,,,2026-08-05 17:54:30.150614,,true,100,3,3,8,,,2,200000,150000
5,5,13,,,,,,,2026-08-05 17:55:00.150614,,true,100,2,14,1,,,2,200000,150000
5,5,13,,,,,,,2026-08-05 17:55:30.150614,,true,100,15,5,9,,,2,200000,150000
5,5,13,,,,,,,2026-08-05 17:56:00.150614,,true,100,19,1,18,,,2,200000,150000
5,5,13,,,,,,,2026-08-05 17:56:30.150614,,true,100,11,5,10,,,2,200000,150000
5,5,13,,,,,,,2026-08-05 17:57:00.150614,,true,100,7,9,15,,,2,200000,150000
5,5,13,,,,,,,2026-08-05 17:57:30.150614,,true,100,10,7,11,,,2,200000,150000
5,5,13,,,,,,,2026-08-05 17:58:00.150614,,true,100,6,13,19,,,2,200000,150000
5,5,13,,,,,,,2026-08-05 17:58:30.150614,,true,100,15,12,11,,,2,200000,150000
5,5,13,,,,,,,2026-08-05 17:59:00.150614,,true,100,9,1,2,,,2,200000,150000
5,5,13,,,,,,,2026-08-05 17:59:30.150614,,true,100,11,5,2,,,2,200000,150000
5,5,13,,,,,,,2026-08-05 18:00:00.150614,,true,100,13,2,5,,,2,200000,150000
5,5,13,,,,,,,2026-08-05 18:00:30.150614,,true,100,19,18,18,,,2,200000,150000
5,5,13,,,,,,,2026-08-05 18:01:00.150614,,true,100,14,11,4,,,2,200000,150000
5,5,13,,,,,,,2026-08-05 18:01:30.150614,,true,100,13,4,14,,,2,200000,150000
5,5,13,,,,,,,2026-08-05 18:02:00.150614,,true,100,18,8,17,,,2,200000,150000
5,5,13,,,,,,,2026-08-05 18:02:30.150614,,true,100,6,4,13,,,2,200000,150000
5,5,13,,,,,,,2026-08-05 18:03:00.150614,,true,100,14,18,4,,,2,200000,150000
5,5,13,,,,,,,2026-08-05 18:03:30.150614,,true,100,15,12,6,,,2,200000,150000
5,5,13,,,,,,,2026-08-05 18:04:00.150614,,true,100,3,14,20,,,2,200000,150000
5,5,13,,,,,,,2026-08-05 18:04:30.150614,,true,100,12,9,11,,,2,200000,150000
5,5,13,,,,,,,2026-08-05 18:05:00.150614,,true,100,13,14,0,,,2,200000,150000
5,5,13,,,,,,,2026-08-05 18:05:30.150614,,true,100,13,7,4,,,2,200000,150000
5,5,13,,,,,,,2026-08-05 18:06:00.150614,,true,100,1,12,19,,,2,200000,150000
5,5,13,,,,,,,2026-08-05 18:06:30.150614,,true,100,11,4,18,,,2,200000,150000
5,5,13,,,,,,,2026-08-05 18:07:00.150614,,true,100,11,4,7,,,2,200000,150000
5,5,13,,,,,,,2026-08-05 18:07:30.150614,,true,100,20,8,4,,,2,200000,150000
5,5,13,,,,,,,2026-08-05 18:08:00.150614,,true,100,3,4,2,,,2,200000,150000
5,5,13,,,,,,,2026-08-05 18:08:30.150614,,true,100,18,18,7,,,2,200000,150000
5,5,13,,,,,,,2026-08-05 18:09:00.150614,,true,100,18,14,1,,,2,200000,150000
5,5,13,,,,,,,2026-08-05 18:09:30.150614,,true,100,7,17,3,,,2,200000,150000
5,5,13,,,,,,,2026-08-05 18:10:00.150614,,true,100,19,1,19,,,2,200000,150000
5,5,13,,,,,,,2026-08-05 18:10:30.150614,,true,100,17,8,1,,,2,200000,150000
5,5,13,,,,,,,2026-08-05 18:11:00.150614,,true,100,13,5,4,,,2,200000,150000
5,5,13,,,,,,,2026-08-05 18:11:30.150614,,true,100,8,18,7,,,2,200000,150000
5,5,13,,,,,,,2026-08-05 18:12:00.150614,,true,100,18,17,5,,,2,200000,150000
5,5,13,,,,,,,2026-08-05 18:12:30.150614,,true,100,17,15,16,,,2,200000,150000
5,5,13,,,,,,,2026-08-05 18:13:00.150614,,true,100,10,9,13,,,2,200000,150000
5,5,13,,,,,,,2026-08-05 18:13:30.150614,,true,100,8,16,6,,,2,200000,150000
5,5,13,,,,,,,2026-08-05 18:14:00.150614,,true,100,6,14,2,,,2,200000,150000
5,5,13,,,,,,,2026-08-05 18:14:30.150614,,true,100,0,6,6,,,2,200000,150000
5,5,13,,,,,,,2026-08-05 18:15:00.150614,,true,100,2,20,11,,,2,200000,150000
5,5,13,,,,,,,2026-08-05 18:15:30.150614,,true,100,3,19,11,,,2,200000,150000
5,5,13,,,,,,,2026-08-05 18:16:00.150614,,true,100,18,5,13,,,2,200000,150000
5,5,13,,,,,,,2026-08-05 18:16:30.150614,,true,100,20,12,12,,,2,200000,150000
5,5,13,,,,,,,2026-08-05 18:17:00.150614,,true,100,20,4,12,,,2,200000,150000
5,5,13,,,,,,,2026-08-05 18:17:30.150614,,true,100,12,2,5,,,2,200000,150000
5,5,13,,,,,,,2026-08-05 18:18:00.150614,,true,100,11,18,12,,,2,200000,150000
5,5,13,,,,,,,2026-08-05 18:18:30.150614,,true,100,2,17,8,,,2,200000,150000
5,5,13,,,,,,,2026-08-05 18:19:00.150614,,true,100,15,3,12,,,2,200000,150000
5,5,13,,,,,,,2026-08-05 18:19:30.150614,,true,100,6,16,18,,,2,200000,150000
5,5,13,,,,,,,2026-08-05 18:20:00.150614,,true,100,20,20,3,,,2,200000,150000
5,5,13,,,,,,,2026-08-05 18:20:30.150614,,true,100,16,4,19,,,2,200000,150000
5,5,13,,,,,,,2026-08-05 18:21:00.150614,,true,100,15,9,16,,,2,200000,150000
5,5,13,,,,,,,2026-08-05 18:21:30.150614,,true,100,12,12,11,,,2,200000,150000
5,5,13,,,,,,,2026-08-05 18:22:00.150614,,true,100,11,3,18,,,2,200000,150000
5,5,13,,,,,,,2026-08-05 18:22:30.150614,,true,100,3,4,9,,,2,200000,150000
5,5,13,,,,,,,2026-08-05 18:23:00.150614,,true,100,8,5,19,,,2,200000,150000
5,5,13,,,,,,,2026-08-05 18:23:30.150614,,true,100,17,18,15,,,2,200000,150000
5,5,13,,,,,,,2026-08-05 18:24:00.150614,,true,100,13,7,11,,,2,200000,150000
5,5,13,,,,,,,2026-08-05 18:24:30.150614,,true,100,5,12,10,,,2,200000,150000
5,5,13,,,,,,,2026-08-05 18:25:00.150614,,true,100,13,4,9,,,2,200000,150000
5,5,13,,,,,,,2026-08-05 18:25:30.150614,,true,100,13,15,13,,,2,200000,150000
5,5,13,,,,,,,2026-08-05 18:26:00.150614,,true,100,11,16,19,,,2,200000,150000
5,5,13,,,,,,,2026-08-05 18:26:30.150614,,true,100,11,13,9,,,2,200000,150000
5,5,13,,,,,,,2026-08-05 18:27:00.150614,,true,100,20,0,17,,,2,200000,150000
5,5,13,,,,,,,2026-08-05 18:27:30.150614,,true,100,13,17,20,,,2,200000,150000
5,5,13,,,,,,,2026-08-05 18:28:00.150614,,true,100,5,5,8,,,2,200000,150000
5,5,13,,,,,,,2026-08-05 18:28:30.150614,,true,100,0,10,5,,,2,200000,150000
5,5,13,,,,,,,2026-08-05 18:29:00.150614,,true,100,9,11,2,,,2,200000,150000
5,5,13,,,,,,,2026-08-05 18:29:30.150614,,true,100,12,17,10,,,2,200000,150000
5,5,13,,,,,,,2026-08-05 18:30:00.150614,,true,100,18,11,3,,,2,200000,150000
5,5,13,,,,,,,2026-08-05 18:30:30.150614,,true,100,9,11,0,,,2,200000,150000
5,5,13,,,,,,,2026-08-05 18:31:00.150614,,true,100,14,11,1,,,2,200000,150000
5,5,13,,,,,,,2026-08-05 18:31:30.150614,,true,100,19,2,3,,,2,200000,150000
5,5,13,,,,,,,2026-08-05 18:32:00.150614,,true,100,4,15,16,,,2,200000,150000
5,5,13,,,,,,,2026-08-05 18:32:30.150614,,true,100,4,20,13,,,2,200000,150000
5,5,13,,,,,,,2026-08-05 18:33:00.150614,,true,100,2,0,7,,,2,200000,150000
5,5,13,,,,,,,2026-08-05 18:33:30.150614,,true,100,7,9,17,,,2,200000,150000
5,5,13,,,,,,,2026-08-05 18:34:00.150614,,true,100,14,12,5,,,2,200000,150000
5,5,13,,,,,,,2026-08-05 18:34:30.150614,,true,100,6,9,16,,,2,200000,150000
5,5,13,,,,,,,2026-08-05 18:35:00.150614,,true,100,10,5,4,,,2,200000,150000
5,5,13,,,,,,,2026-08-05 18:35:30.150614,,true,100,12,13,17,,,2,200000,150000
5,5,13,,,,,,,2026-08-05 18:36:00.150614,,true,100,3,4,19,,,2,200000,150000
5,5,13,,,,,,,2026-08-05 18:36:30.150614,,true,100,2,16,19,,,2,200000,150000
5,5,13,,,,,,,2026-08-05 18:37:00.150614,,true,100,1,10,10,,,2,200000,150000
5,5,13,,,,,,,2026-08-05 18:37:30.150614,,true,100,6,14,5,,,2,200000,150000
5,5,13,,,,,,,2026-08-05 18:38:00.150614,,true,100,2,3,10,,,2,200000,150000
5,5,13,,,,,,,2026-08-05 18:38:30.150614,,true,100,15,12,11,,,2,200000,150000
5,5,13,,,,,,,2026-08-05 18:39:00.150614,,true,100,11,6,3,,,2,200000,150000
5,5,13,,,,,,,2026-08-05 18:39:30.150614,,true,100,2,6,17,,,2,200000,150000
5,5,13,,,,,,,2026-08-05 18:40:00.150614,,true,100,20,9,3,,,2,200000,150000
5,5,13,,,,,,,2026-08-05 18:40:30.150614,,true,100,20,0,6,,,2,200000,150000
5,5,13,,,,,,,2026-08-05 18:41:00.150614,,true,100,14,1,10,,,2,200000,150000
5,5,13,,,,,,,2026-08-05 18:41:30.150614,,true,100,19,8,2,,,2,200000,150000
5,5,13,,,,,,,2026-08-05 18:42:00.150614,,true,100,9,4,15,,,2,200000,150000
5,5,13,,,,,,,2026-08-05 18:42:30.150614,,true,100,14,1,4,,,2,200000,150000
5,5,13,,,,,,,2026-08-05 18:43:00.150614,,true,100,6,0,4,,,2,200000,150000
5,5,13,,,,,,,2026-08-05 18:43:30.150614,,true,100,6,14,19,,,2,200000,150000
5,5,13,,,,,,,2026-08-05 18:44:00.150614,,true,100,1,19,9,,,2,200000,150000
5,5,13,,,,,,,2026-08-05 18:44:30.150614,,true,100,12,10,10,,,2,200000,150000
5,5,13,,,,,,,2026-08-05 18:45:00.150614,,true,100,19,5,15,,,2,200000,150000
5,5,13,,,,,,,2026-08-05 18:45:30.150614,,true,100,8,16,1,,,2,200000,150000
5,5,13,,,,,,,2026-08-05 18:46:00.150614,,true,100,6,13,15,,,2,200000,150000
5,5,13,,,,,,,2026-08-05 18:46:30.150614,,true,100,5,11,0,,,2,200000,150000
5,5,13,,,,,,,2026-08-05 18:47:00.150614,,true,100,16,17,19,,,2,200000,150000
5,5,13,,,,,,,2026-08-05 18:47:30.150614,,true,100,18,20,19,,,2,200000,150000
5,5,13,,,,,,,2026-08-05 18:48:00.150614,,true,100,14,7,3,,,2,200000,150000
5,5,13,,,,,,,2026-08-05 18:48:30.150614,,true,100,7,1,8,,,2,200000,150000
5,5,13,,,,,,,2026-08-05 18:49:00.150614,,true,100,8,2,12,,,2,200000,150000
5,5,13,,,,,,,2026-08-05 18:49:30.150614,,true,100,15,10,2,,,2,200000,150000
5,5,13,,,,,,,2026-08-05 18:50:00.150614,,true,100,17,17,2,,,2,200000,150000
5,5,13,,,,,,,2026-08-05 18:50:30.150614,,true,100,12,17,0,,,2,200000,150000
5,5,13,,,,,,,2026-08-05 18:51:00.150614,,true,100,16,10,0,,,2,200000,150000
5,5,13,,,,,,,2026-08-05 18:51:30.150614,,true,100,3,6,18,,,2,200000,150000
5,5,13,,,,,,,2026-08-05 18:52:00.150614,,true,100,14,1,2,,,2,200000,150000
5,5,13,,,,,,,2026-08-05 18:52:30.150614,,true,100,7,6,13,,,2,200000,150000
5,5,13,,,,,,,2026-08-05 18:53:00.150614,,true,100,13,2,17,,,2,200000,150000
5,5,13,,,,,,,2026-08-05 18:53:30.150614,,true,100,3,13,14,,,2,200000,150000
5,5,13,,,,,,,2026-08-05 18:54:00.150614,,true,100,15,3,2,,,2,200000,150000
5,5,13,,,,,,,2026-08-05 18:54:30.150614,,true,100,19,14,14,,,2,200000,150000
5,5,13,,,,,,,2026-08-05 18:55:00.150614,,true,100,11,15,1,,,2,200000,150000
5,5,13,,,,,,,2026-08-05 18:55:30.150614,,true,100,10,0,9,,,2,200000,150000
5,5,13,,,,,,,2026-08-05 18:56:00.150614,,true,100,14,14,10,,,2,200000,150000
5,5,13,,,,,,,2026-08-05 18:56:30.150614,,true,100,14,14,4,,,2,200000,150000
5,5,13,,,,,,,2026-08-05 18:57:00.150614,,true,100,15,13,1,,,2,200000,150000
5,5,13,,,,,,,2026-08-05 18:57:30.150614,,true,100,16,16,7,,,2,200000,150000
5,5,13,,,,,,,2026-08-05 18:58:00.150614,,true,100,2,13,17,,,2,200000,150000
5,5,13,,,,,,,2026-08-05 18:58:30.150614,,true,100,5,8,3,,,2,200000,150000
5,5,13,,,,,,,2026-08-05 18:59:00.150614,,true,100,20,13,12,,,2,200000,150000
5,5,13,,,,,,,2026-08-05 18:59:30.150614,,true,100,20,19,10,,,2,200000,150000
5,5,13,,,,,,,2026-08-05 19:00:00.150614,,true,100,6,13,20,,,2,200000,150000
5,5,13,,,,,,,2026-08-05 19:00:30.150614,,true,100,19,1,3,,,2,200000,150000
5,5,13,,,,,,,2026-08-05 19:01:00.150614,,true,100,12,1,17,,,2,200000,150000
5,5,13,,,,,,,2026-08-05 19:01:30.150614,,true,100,4,17,1,,,2,200000,150000
5,5,13,,,,,,,2026-08-05 19:02:00.150614,,true,100,0,2,18,,,2,200000,150000
5,5,13,,,,,,,2026-08-05 19:02:30.150614,,true,100,13,5,4,,,2,200000,150000
5,5,13,,,,,,,2026-08-05 19:03:00.150614,,true,100,20,9,13,,,2,200000,150000
5,5,13,,,,,,,2026-08-05 19:03:30.150614,,true,100,13,7,11,,,2,200000,150000
5,5,13,,,,,,,2026-08-05 19:04:00.150614,,true,100,1,15,17,,,2,200000,150000
5,5,13,,,,,,,2026-08-05 19:04:30.150614,,true,100,1,20,19,,,2,200000,150000
5,5,13,,,,,,,2026-08-05 19:05:00.150614,,true,100,4,16,4,,,2,200000,150000
5,5,13,,,,,,,2026-08-05 19:05:30.150614,,true,100,1,16,14,,,2,200000,150000
5,5,13,,,,,,,2026-08-05 19:06:00.150614,,true,100,18,10,19,,,2,200000,150000
5,5,13,,,,,,,2026-08-05 19:06:30.150614,,true,100,17,7,6,,,2,200000,150000
5,5,13,,,,,,,2026-08-05 19:07:00.150614,,true,100,5,16,10,,,2,200000,150000
5,5,13,,,,,,,2026-08-05 19:07:30.150614,,true,100,0,7,19,,,2,200000,150000
5,5,13,,,,,,,2026-08-05 19:08:00.150614,,true,100,1,12,2,,,2,200000,150000
5,5,13,,,,,,,2026-08-05 19:08:30.150614,,true,100,0,10,4,,,2,200000,150000
5,5,13,,,,,,,2026-08-05 19:09:00.150614,,true,100,4,9,3,,,2,200000,150000
5,5,13,,,,,,,2026-08-05 19:09:30.150614,,true,100,8,4,6,,,2,200000,150000
5,5,13,,,,,,,2026-08-05 19:10:00.150614,,true,100,5,9,12,,,2,200000,150000
5,5,13,,,,,,,2026-08-05 19:10:30.150614,,true,100,3,16,20,,,2,200000,150000
5,5,13,,,,,,,2026-08-05 19:11:00.150614,,true,100,10,11,10,,,2,200000,150000
5,5,13,,,,,,,2026-08-05 19:11:30.150614,,true,100,10,10,0,,,2,200000,150000
5,5,13,,,,,,,2026-08-05 19:12:00.150614,,true,100,16,14,9,,,2,200000,150000
5,5,13,,,,,,,2026-08-05 19:12:30.150614,,true,100,3,12,7,,,2,200000,150000
5,5,13,,,,,,,2026-08-05 19:13:00.150614,,true,100,12,4,19,,,2,200000,150000
5,5,13,,,,,,,2026-08-05 19:13:30.150614,,true,100,1,20,0,,,2,200000,150000
5,5,13,,,,,,,2026-08-05 19:14:00.150614,,true,100,4,20,8,,,2,200000,150000
5,5,13,,,,,,,2026-08-05 19:14:30.150614,,true,100,2,18,7,,,2,200000,150000
5,5,13,,,,,,,2026-08-05 19:15:00.150614,,true,100,18,7,17,,,2,200000,150000
5,5,13,,,,,,,2026-08-05 19:15:30.150614,,true,100,12,8,12,,,2,200000,150000
5,5,13,,,,,,,2026-08-05 19:16:00.150614,,true,100,19,4,9,,,2,200000,150000
5,5,13,,,,,,,2026-08-05 19:16:30.150614,,true,100,15,10,5,,,2,200000,150000
5,5,13,,,,,,,2026-08-05 19:17:00.150614,,true,100,11,13,16,,,2,200000,150000
5,5,13,,,,,,,2026-08-05 19:17:30.150614,,true,100,4,13,6,,,2,200000,150000
5,5,13,,,,,,,2026-08-05 19:18:00.150614,,true,100,15,14,14,,,2,200000,150000
5,5,13,,,,,,,2026-08-05 19:18:30.150614,,true,100,16,16,8,,,2,200000,150000
5,5,13,,,,,,,2026-08-05 19:19:00.150614,,true,100,12,13,12,,,2,200000,150000
5,5,13,,,,,,,2026-08-05 19:19:30.150614,,true,100,3,4,13,,,2,200000,150000
5,5,13,,,,,,,2026-08-05 19:20:00.150614,,true,100,6,15,20,,,2,200000,150000
5,5,13,,,,,,,2026-08-05 19:20:30.150614,,true,100,12,2,8,,,2,200000,150000
5,5,13,,,,,,,2026-08-05 19:21:00.150614,,true,100,11,10,0,,,2,200000,150000
5,5,13,,,,,,,2026-08-05 19:21:30.150614,,true,100,17,14,5,,,2,200000,150000
5,5,13,,,,,,,2026-08-05 19:22:00.150614,,true,100,4,0,8,,,2,200000,150000
5,5,13,,,,,,,2026-08-05 19:22:30.150614,,true,100,19,5,8,,,2,200000,150000
5,5,13,,,,,,,2026-08-05 19:23:00.150614,,true,100,14,13,10,,,2,200000,150000
5,5,13,,,,,,,2026-08-05 19:23:30.150614,,true,100,19,18,2,,,2,200000,150000
5,5,13,,,,,,,2026-08-05 19:24:00.150614,,true,100,19,6,1,,,2,200000,150000
5,5,13,,,,,,,2026-08-05 19:24:30.150614,,true,100,10,2,1,,,2,200000,150000
5,5,13,,,,,,,2026-08-05 19:25:00.150614,,true,100,16,12,11,,,2,200000,150000
5,5,13,,,,,,,2026-08-05 19:25:30.150614,,true,100,18,10,11,,,2,200000,150000
5,5,13,,,,,,,2026-08-05 19:26:00.150614,,true,100,13,15,0,,,2,200000,150000
5,5,13,,,,,,,2026-08-05 19:26:30.150614,,true,100,17,17,5,,,2,200000,150000
5,5,13,,,,,,,2026-08-05 19:27:00.150614,,true,100,9,13,13,,,2,200000,150000
5,5,13,,,,,,,2026-08-05 19:27:30.150614,,true,100,8,4,1,,,2,200000,150000
5,5,13,,,,,,,2026-08-05 19:28:00.150614,,true,100,20,13,19,,,2,200000,150000
5,5,13,,,,,,,2026-08-05 19:28:30.150614,,true,100,6,0,8,,,2,200000,150000
5,5,13,,,,,,,2026-08-05 19:29:00.150614,,true,100,13,20,14,,,2,200000,150000
5,5,13,,,,,,,2026-08-05 19:29:30.150614,,true,100,7,16,8,,,2,200000,150000
5,5,13,,,,,,,2026-08-05 19:30:00.150614,,true,100,8,14,16,,,2,200000,150000
5,5,13,,,,,,,2026-08-05 19:30:30.150614,,true,100,1,17,11,,,2,200000,150000
5,5,13,,,,,,,2026-08-05 19:31:00.150614,,true,100,6,19,9,,,2,200000,150000
5,5,13,,,,,,,2026-08-05 19:31:30.150614,,true,100,17,16,18,,,2,200000,150000
5,5,13,,,,,,,2026-08-05 19:32:00.150614,,true,100,4,14,0,,,2,200000,150000
5,5,13,,,,,,,2026-08-05 19:32:30.150614,,true,100,6,20,9,,,2,200000,150000
5,5,13,,,,,,,2026-08-05 19:33:00.150614,,true,100,7,17,0,,,2,200000,150000
5,5,13,,,,,,,2026-08-05 19:33:30.150614,,true,100,7,2,11,,,2,200000,150000
5,5,13,,,,,,,2026-08-05 19:34:00.150614,,true,100,16,18,15,,,2,200000,150000
5,5,13,,,,,,,2026-08-05 19:34:30.150614,,true,100,14,5,7,,,2,200000,150000
5,5,13,,,,,,,2026-08-05 19:35:00.150614,,true,100,2,14,0,,,2,200000,150000
5,5,13,,,,,,,2026-08-05 19:35:30.150614,,true,100,9,2,17,,,2,200000,150000
5,5,13,,,,,,,2026-08-05 19:36:00.150614,,true,100,10,1,19,,,2,200000,150000
5,5,13,,,,,,,2026-08-05 19:36:30.150614,,true,100,11,0,13,,,2,200000,150000
5,5,13,,,,,,,2026-08-05 19:37:00.150614,,true,100,2,11,18,,,2,200000,150000
5,5,13,,,,,,,2026-08-05 19:37:30.150614,,true,100,14,4,10,,,2,200000,150000
5,5,13,,,,,,,2026-08-05 19:38:00.150614,,true,100,1,10,11,,,2,200000,150000
5,5,13,,,,,,,2026-08-05 19:38:30.150614,,true,100,7,16,8,,,2,200000,150000
5,5,13,,,,,,,2026-08-05 19:39:00.150614,,true,100,20,1,15,,,2,200000,150000
5,5,13,,,,,,,2026-08-05 19:39:30.150614,,true,100,13,16,18,,,2,200000,150000
5,5,13,,,,,,,2026-08-05 19:40:00.150614,,true,100,19,15,1,,,2,200000,150000
5,5,13,,,,,,,2026-08-05 19:40:30.150614,,true,100,5,8,7,,,2,200000,150000
5,5,13,,,,,,,2026-08-05 19:41:00.150614,,true,100,1,6,5,,,2,200000,150000
5,5,13,,,,,,,2026-08-05 19:41:30.150614,,true,100,4,2,4,,,2,200000,150000
5,5,13,,,,,,,2026-08-05 19:42:00.150614,,true,100,0,4,8,,,2,200000,150000
5,5,13,,,,,,,2026-08-05 19:42:30.150614,,true,100,5,9,7,,,2,200000,150000
5,5,13,,,,,,,2026-08-05 19:43:00.150614,,true,100,10,2,2,,,2,200000,150000
5,5,13,,,,,,,2026-08-05 19:43:30.150614,,true,100,20,3,6,,,2,200000,150000
5,5,13,,,,,,,2026-08-05 19:44:00.150614,,true,100,4,12,7,,,2,200000,150000
5,5,13,,,,,,,2026-08-05 19:44:30.150614,,true,100,9,17,10,,,2,200000,150000
5,5,13,,,,,,,2026-08-05 19:45:00.150614,,true,100,17,1,13,,,2,200000,150000
5,5,13,,,,,,,2026-08-05 19:45:30.150614,,true,100,7,9,17,,,2,200000,150000
5,5,13,,,,,,,2026-08-05 19:46:00.150614,,true,100,4,10,12,,,2,200000,150000
5,5,13,,,,,,,2026-08-05 19:46:30.150614,,true,100,11,5,10,,,2,200000,150000
5,5,13,,,,,,,2026-08-05 19:47:00.150614,,true,100,8,17,5,,,2,200000,150000
5,5,13,,,,,,,2026-08-05 19:47:30.150614,,true,100,5,9,0,,,2,200000,150000
5,5,13,,,,,,,2026-08-05 19:48:00.150614,,true,100,14,3,8,,,2,200000,150000
5,5,13,,,,,,,2026-08-05 19:48:30.150614,,true,100,2,18,19,,,2,200000,150000
5,5,13,,,,,,,2026-08-05 19:49:00.150614,,true,100,16,17,2,,,2,200000,150000
5,5,13,,,,,,,2026-08-05 19:49:30.150614,,true,100,11,18,8,,,2,200000,150000
5,5,13,,,,,,,2026-08-05 19:50:00.150614,,true,100,10,17,3,,,2,200000,150000
5,5,13,,,,,,,2026-08-05 19:50:30.150614,,true,100,5,1,13,,,2,200000,150000
5,5,13,,,,,,,2026-08-05 19:51:00.150614,,true,100,7,7,0,,,2,200000,150000
5,5,13,,,,,,,2026-08-05 19:51:30.150614,,true,100,15,8,16,,,2,200000,150000
5,5,13,,,,,,,2026-08-05 19:52:00.150614,,true,100,2,12,12,,,2,200000,150000
5,5,13,,,,,,,2026-08-05 19:52:30.150614,,true,100,13,12,16,,,2,200000,150000
5,5,13,,,,,,,2026-08-05 19:53:00.150614,,true,100,6,11,11,,,2,200000,150000
5,5,13,,,,,,,2026-08-05 19:53:30.150614,,true,100,5,16,6,,,2,200000,150000
5,5,13,,,,,,,2026-08-05 19:54:00.150614,,true,100,6,9,14,,,2,200000,150000
5,5,13,,,,,,,2026-08-05 19:54:30.150614,,true,100,20,18,9,,,2,200000,150000
5,5,13,,,,,,,2026-08-05 19:55:00.150614,,true,100,18,17,20,,,2,200000,150000
5,5,13,,,,,,,2026-08-05 19:55:30.150614,,true,100,17,9,16,,,2,200000,150000
5,5,13,,,,,,,2026-08-05 19:56:00.150614,,true,100,0,0,10,,,2,200000,150000
5,5,13,,,,,,,2026-08-05 19:56:30.150614,,true,100,11,1,6,,,2,200000,150000
5,5,13,,,,,,,2026-08-05 19:57:00.150614,,true,100,15,9,2,,,2,200000,150000
5,5,13,,,,,,,2026-08-05 19:57:30.150614,,true,100,12,3,20,,,2,200000,150000
5,5,13,,,,,,,2026-08-05 19:58:00.150614,,true,100,18,12,11,,,2,200000,150000
5,5,13,,,,,,,2026-08-05 19:58:30.150614,,true,100,6,14,6,,,2,200000,150000
5,5,13,,,,,,,2026-08-05 19:59:00.150614,,true,100,7,6,6,,,2,200000,150000
5,5,13,,,,,,,2026-08-05 19:59:30.150614,,true,100,5,6,3,,,2,200000,150000
5,5,13,,,,,,,2026-08-05 20:00:00.150614,,true,100,8,5,19,,,2,200000,150000
5,5,13,,,,,,,2026-08-05 20:00:30.150614,,true,100,7,11,20,,,2,200000,150000
5,5,13,,,,,,,2026-08-05 20:01:00.150614,,true,100,19,10,1,,,2,200000,150000
5,5,13,,,,,,,2026-08-05 20:01:30.150614,,true,100,14,13,20,,,2,200000,150000
5,5,13,,,,,,,2026-08-05 20:02:00.150614,,true,100,6,16,4,,,2,200000,150000
5,5,13,,,,,,,2026-08-05 20:02:30.150614,,true,100,9,5,9,,,2,200000,150000
5,5,13,,,,,,,2026-08-05 20:03:00.150614,,true,100,13,13,6,,,2,200000,150000
5,5,13,,,,,,,2026-08-05 20:03:30.150614,,true,100,2,17,15,,,2,200000,150000
5,5,13,,,,,,,2026-08-05 20:04:00.150614,,true,100,18,1,14,,,2,200000,150000
5,5,13,,,,,,,2026-08-05 20:04:30.150614,,true,100,17,19,13,,,2,200000,150000
5,5,13,,,,,,,2026-08-05 20:05:00.150614,,true,100,7,14,6,,,2,200000,150000
5,5,13,,,,,,,2026-08-05 20:05:30.150614,,true,100,19,5,1,,,2,200000,150000
5,5,13,,,,,,,2026-08-05 20:06:00.150614,,true,100,4,12,2,,,2,200000,150000
5,5,13,,,,,,,2026-08-05 20:06:30.150614,,true,100,5,17,8,,,2,200000,150000
5,5,13,,,,,,,2026-08-05 20:07:00.150614,,true,100,11,6,2,,,2,200000,150000
5,5,13,,,,,,,2026-08-05 20:07:30.150614,,true,100,19,10,14,,,2,200000,150000
5,5,13,,,,,,,2026-08-05 20:08:00.150614,,true,100,12,17,13,,,2,200000,150000
5,5,13,,,,,,,2026-08-05 20:08:30.150614,,true,100,3,6,8,,,2,200000,150000
5,5,13,,,,,,,2026-08-05 20:09:00.150614,,true,100,6,7,18,,,2,200000,150000
5,5,13,,,,,,,2026-08-05 20:09:30.150614,,true,100,1,7,14,,,2,200000,150000
5,5,13,,,,,,,2026-08-05 20:10:00.150614,,true,100,6,14,3,,,2,200000,150000
5,5,13,,,,,,,2026-08-05 20:10:30.150614,,true,100,7,6,16,,,2,200000,150000
5,5,13,,,,,,,2026-08-05 20:11:00.150614,,true,100,15,20,17,,,2,200000,150000
5,5,13,,,,,,,2026-08-05 20:11:30.150614,,true,100,10,7,13,,,2,200000,150000
5,5,13,,,,,,,2026-08-05 20:12:00.150614,,true,100,10,1,9,,,2,200000,150000
5,5,13,,,,,,,2026-08-05 20:12:30.150614,,true,100,6,12,16,,,2,200000,150000
5,5,13,,,,,,,2026-08-05 20:13:00.150614,,true,100,10,13,19,,,2,200000,150000
5,5,13,,,,,,,2026-08-05 20:13:30.150614,,true,100,11,20,16,,,2,200000,150000
5,5,13,,,,,,,2026-08-05 20:14:00.150614,,true,100,18,11,2,,,2,200000,150000
5,5,13,,,,,,,2026-08-05 20:14:30.150614,,true,100,16,19,10,,,2,200000,150000
5,5,13,,,,,,,2026-08-05 20:15:00.150614,,true,100,12,6,6,,,2,200000,150000
5,5,13,,,,,,,2026-08-05 20:15:30.150614,,true,100,0,3,12,,,2,200000,150000
5,5,13,,,,,,,2026-08-05 20:16:00.150614,,true,100,0,8,10,,,2,200000,150000
5,5,13,,,,,,,2026-08-05 20:16:30.150614,,true,100,18,3,2,,,2,200000,150000
5,5,13,,,,,,,2026-08-05 20:17:00.150614,,true,100,18,19,11,,,2,200000,150000
5,5,13,,,,,,,2026-08-05 20:17:30.150614,,true,100,3,1,3,,,2,200000,150000
5,5,13,,,,,,,2026-08-05 20:18:00.150614,,true,100,15,19,19,,,2,200000,150000
5,5,13,,,,,,,2026-08-05 20:18:30.150614,,true,100,7,8,6,,,2,200000,150000
5,5,13,,,,,,,2026-08-05 20:19:00.150614,,true,100,18,19,20,,,2,200000,150000
5,5,13,,,,,,,2026-08-05 20:19:30.150614,,true,100,20,12,3,,,2,200000,150000
5,5,13,,,,,,,2026-08-05 20:20:00.150614,,true,100,16,19,11,,,2,200000,150000
5,5,13,,,,,,,2026-08-05 20:20:30.150614,,true,100,12,16,17,,,2,200000,150000
5,5,13,,,,,,,2026-08-05 20:21:00.150614,,true,100,6,5,15,,,2,200000,150000
5,5,13,,,,,,,2026-08-05 20:21:30.150614,,true,100,0,1,10,,,2,200000,150000
5,5,13,,,,,,,2026-08-05 20:22:00.150614,,true,100,18,8,2,,,2,200000,150000
5,5,13,,,,,,,2026-08-05 20:22:30.150614,,true,100,4,3,16,,,2,200000,150000
5,5,13,,,,,,,2026-08-05 20:23:00.150614,,true,100,13,17,18,,,2,200000,150000
5,5,13,,,,,,,2026-08-05 20:23:30.150614,,true,100,9,4,13,,,2,200000,150000
5,5,13,,,,,,,2026-08-05 20:24:00.150614,,true,100,7,17,16,,,2,200000,150000
5,5,13,,,,,,,2026-08-05 20:24:30.150614,,true,100,11,14,12,,,2,200000,150000
5,5,13,,,,,,,2026-08-05 20:25:00.150614,,true,100,0,4,13,,,2,200000,150000
5,5,13,,,,,,,2026-08-05 20:25:30.150614,,true,100,7,5,6,,,2,200000,150000
5,5,13,,,,,,,2026-08-05 20:26:00.150614,,true,100,15,9,15,,,2,200000,150000
5,5,13,,,,,,,2026-08-05 20:26:30.150614,,true,100,18,15,16,,,2,200000,150000
5,5,13,,,,,,,2026-08-05 20:27:00.150614,,true,100,12,7,4,,,2,200000,150000
5,5,13,,,,,,,2026-08-05 20:27:30.150614,,true,100,17,16,5,,,2,200000,150000
5,5,13,,,,,,,2026-08-05 20:28:00.150614,,true,100,18,14,3,,,2,200000,150000
5,5,13,,,,,,,2026-08-05 20:28:30.150614,,true,100,9,12,17,,,2,200000,150000
5,5,13,,,,,,,2026-08-05 20:29:00.150614,,true,100,13,4,11,,,2,200000,150000
5,5,13,,,,,,,2026-08-05 20:29:30.150614,,true,100,11,3,4,,,2,200000,150000
5,5,13,,,,,,,2026-08-05 20:30:00.150614,,true,100,15,6,6,,,2,200000,150000
5,5,13,,,,,,,2026-08-05 20:30:30.150614,,true,100,10,12,18,,,2,200000,150000
5,5,13,,,,,,,2026-08-05 20:31:00.150614,,true,100,16,5,17,,,2,200000,150000
5,5,13,,,,,,,2026-08-05 20:31:30.150614,,true,100,16,13,0,,,2,200000,150000
5,5,13,,,,,,,2026-08-05 20:32:00.150614,,true,100,18,17,5,,,2,200000,150000
5,5,13,,,,,,,2026-08-05 20:32:30.150614,,true,100,14,7,1,,,2,200000,150000
5,5,13,,,,,,,2026-08-05 20:33:00.150614,,true,100,18,18,14,,,2,200000,150000
5,5,13,,,,,,,2026-08-05 20:33:30.150614,,true,100,0,5,17,,,2,200000,150000
5,5,13,,,,,,,2026-08-05 20:34:00.150614,,true,100,2,1,2,,,2,200000,150000
5,5,13,,,,,,,2026-08-05 20:34:30.150614,,true,100,13,8,13,,,2,200000,150000
5,5,13,,,,,,,2026-08-05 20:35:00.150614,,true,100,8,15,1,,,2,200000,150000
5,5,13,,,,,,,2026-08-05 20:35:30.150614,,true,100,16,3,10,,,2,200000,150000
5,5,13,,,,,,,2026-08-05 20:36:00.150614,,true,100,8,19,4,,,2,200000,150000
5,5,13,,,,,,,2026-08-05 20:36:30.150614,,true,100,11,20,13,,,2,200000,150000
5,5,13,,,,,,,2026-08-05 20:37:00.150614,,true,100,15,11,19,,,2,200000,150000
5,5,13,,,,,,,2026-08-05 20:37:30.150614,,true,100,12,12,10,,,2,200000,150000
5,5,13,,,,,,,2026-08-05 20:38:00.150614,,true,100,1,9,5,,,2,200000,150000
5,5,13,,,,,,,2026-08-05 20:38:30.150614,,true,100,7,3,0,,,2,200000,150000
5,5,13,,,,,,,2026-08-05 20:39:00.150614,,true,100,20,1,1,,,2,200000,150000
5,5,13,,,,,,,2026-08-05 20:39:30.150614,,true,100,10,17,1,,,2,200000,150000
5,5,13,,,,,,,2026-08-05 20:40:00.150614,,true,100,18,10,5,,,2,200000,150000
5,5,13,,,,,,,2026-08-05 20:40:30.150614,,true,100,15,5,8,,,2,200000,150000
5,5,13,,,,,,,2026-08-05 20:41:00.150614,,true,100,10,5,10,,,2,200000,150000
5,5,13,,,,,,,2026-08-05 20:41:30.150614,,true,100,3,19,7,,,2,200000,150000
5,5,13,,,,,,,2026-08-05 20:42:00.150614,,true,100,6,6,12,,,2,200000,150000
5,5,13,,,,,,,2026-08-05 20:42:30.150614,,true,100,8,19,3,,,2,200000,150000
5,5,13,,,,,,,2026-08-05 20:43:00.150614,,true,100,8,6,10,,,2,200000,150000
5,5,13,,,,,,,2026-08-05 20:43:30.150614,,true,100,6,20,10,,,2,200000,150000
5,5,13,,,,,,,2026-08-05 20:44:00.150614,,true,100,13,3,4,,,2,200000,150000
5,5,13,,,,,,,2026-08-05 20:44:30.150614,,true,100,4,16,6,,,2,200000,150000
5,5,13,,,,,,,2026-08-05 20:45:00.150614,,true,100,17,20,19,,,2,200000,150000
5,5,13,,,,,,,2026-08-05 20:45:30.150614,,true,100,13,14,11,,,2,200000,150000
5,5,13,,,,,,,2026-08-05 20:46:00.150614,,true,100,3,9,7,,,2,200000,150000
5,5,13,,,,,,,2026-08-05 20:46:30.150614,,true,100,5,0,10,,,2,200000,150000
5,5,13,,,,,,,2026-08-05 20:47:00.150614,,true,100,15,16,20,,,2,200000,150000
5,5,13,,,,,,,2026-08-05 20:47:30.150614,,true,100,5,7,6,,,2,200000,150000
5,5,13,,,,,,,2026-08-05 20:48:00.150614,,true,100,1,7,9,,,2,200000,150000
5,5,13,,,,,,,2026-08-05 20:48:30.150614,,true,100,18,11,5,,,2,200000,150000
5,5,13,,,,,,,2026-08-05 20:49:00.150614,,true,100,5,11,0,,,2,200000,150000
5,5,13,,,,,,,2026-08-05 20:49:30.150614,,true,100,9,18,17,,,2,200000,150000
5,5,13,,,,,,,2026-08-05 20:50:00.150614,,true,100,1,18,8,,,2,200000,150000
5,5,13,,,,,,,2026-08-05 20:50:30.150614,,true,100,16,10,19,,,2,200000,150000
5,5,13,,,,,,,2026-08-05 20:51:00.150614,,true,100,0,8,15,,,2,200000,150000
5,5,13,,,,,,,2026-08-05 20:51:30.150614,,true,100,17,15,18,,,2,200000,150000
5,5,13,,,,,,,2026-08-05 20:52:00.150614,,true,100,16,10,3,,,2,200000,150000
5,5,13,,,,,,,2026-08-05 20:52:30.150614,,true,100,11,13,8,,,2,200000,150000
5,5,13,,,,,,,2026-08-05 20:53:00.150614,,true,100,19,8,11,,,2,200000,150000
5,5,13,,,,,,,2026-08-05 20:53:30.150614,,true,100,0,12,4,,,2,200000,150000
5,5,13,,,,,,,2026-08-05 20:54:00.150614,,true,100,3,17,9,,,2,200000,150000
5,5,13,,,,,,,2026-08-05 20:54:30.150614,,true,100,11,12,10,,,2,200000,150000
5,5,13,,,,,,,2026-08-05 20:55:00.150614,,true,100,5,5,19,,,2,200000,150000
5,5,13,,,,,,,2026-08-05 20:55:30.150614,,true,100,0,3,12,,,2,200000,150000
5,5,13,,,,,,,2026-08-05 20:56:00.150614,,true,100,13,10,16,,,2,200000,150000
5,5,13,,,,,,,2026-08-05 20:56:30.150614,,true,100,13,13,6,,,2,200000,150000
5,5,13,,,,,,,2026-08-05 20:57:00.150614,,true,100,0,17,20,,,2,200000,150000
5,5,13,,,,,,,2026-08-05 20:57:30.150614,,true,100,3,14,4,,,2,200000,150000
5,5,13,,,,,,,2026-08-05 20:58:00.150614,,true,100,14,16,4,,,2,200000,150000
5,5,13,,,,,,,2026-08-05 20:58:30.150614,,true,100,16,18,11,,,2,200000,150000
5,5,13,,,,,,,2026-08-05 20:59:00.150614,,true,100,14,18,9,,,2,200000,150000
5,5,13,,,,,,,2026-08-05 20:59:30.150614,,true,100,14,6,4,,,2,200000,150000
5,5,13,,,,,,,2026-08-05 21:00:00.150614,,true,100,19,1,9,,,2,200000,150000
5,5,13,,,,,,,2026-08-05 21:00:30.150614,,true,100,1,18,16,,,2,200000,150000
5,5,13,,,,,,,2026-08-05 21:01:00.150614,,true,100,7,4,17,,,2,200000,150000
5,5,13,,,,,,,2026-08-05 21:01:30.150614,,true,100,16,11,4,,,2,200000,150000
5,5,13,,,,,,,2026-08-05 21:02:00.150614,,true,100,3,17,0,,,2,200000,150000
5,5,13,,,,,,,2026-08-05 21:02:30.150614,,true,100,6,2,11,,,2,200000,150000
5,5,13,,,,,,,2026-08-05 21:03:00.150614,,true,100,20,11,20,,,2,200000,150000
5,5,13,,,,,,,2026-08-05 21:03:30.150614,,true,100,5,10,3,,,2,200000,150000
5,5,13,,,,,,,2026-08-05 21:04:00.150614,,true,100,2,15,5,,,2,200000,150000
5,5,13,,,,,,,2026-08-05 21:04:30.150614,,true,100,4,14,1,,,2,200000,150000
5,5,13,,,,,,,2026-08-05 21:05:00.150614,,true,100,7,12,20,,,2,200000,150000
5,5,13,,,,,,,2026-08-05 21:05:30.150614,,true,100,16,8,6,,,2,200000,150000
5,5,13,,,,,,,2026-08-05 21:06:00.150614,,true,100,3,2,12,,,2,200000,150000
5,5,13,,,,,,,2026-08-05 21:06:30.150614,,true,100,16,20,4,,,2,200000,150000
5,5,13,,,,,,,2026-08-05 21:07:00.150614,,true,100,8,11,1,,,2,200000,150000
5,5,13,,,,,,,2026-08-05 21:07:30.150614,,true,100,11,4,9,,,2,200000,150000
5,5,13,,,,,,,2026-08-05 21:08:00.150614,,true,100,1,17,6,,,2,200000,150000
5,5,13,,,,,,,2026-08-05 21:08:30.150614,,true,100,17,10,3,,,2,200000,150000
5,5,13,,,,,,,2026-08-05 21:09:00.150614,,true,100,12,8,20,,,2,200000,150000
5,5,13,,,,,,,2026-08-05 21:09:30.150614,,true,100,8,15,8,,,2,200000,150000
5,5,13,,,,,,,2026-08-05 21:10:00.150614,,true,100,17,0,17,,,2,200000,150000
5,5,13,,,,,,,2026-08-05 21:10:30.150614,,true,100,5,18,11,,,2,200000,150000
5,5,13,,,,,,,2026-08-05 21:11:00.150614,,true,100,19,11,15,,,2,200000,150000
5,5,13,,,,,,,2026-08-05 21:11:30.150614,,true,100,11,13,15,,,2,200000,150000
5,5,13,,,,,,,2026-08-05 21:12:00.150614,,true,100,15,2,2,,,2,200000,150000
5,5,13,,,,,,,2026-08-05 21:12:30.150614,,true,100,5,11,4,,,2,200000,150000
5,5,13,,,,,,,2026-08-05 21:13:00.150614,,true,100,14,12,6,,,2,200000,150000
5,5,13,,,,,,,2026-08-05 21:13:30.150614,,true,100,13,17,7,,,2,200000,150000
5,5,13,,,,,,,2026-08-05 21:14:00.150614,,true,100,9,14,14,,,2,200000,150000
5,5,13,,,,,,,2026-08-05 21:14:30.150614,,true,100,1,11,15,,,2,200000,150000
5,5,13,,,,,,,2026-08-05 21:15:00.150614,,true,100,4,13,8,,,2,200000,150000
5,5,13,,,,,,,2026-08-05 21:15:30.150614,,true,100,19,4,0,,,2,200000,150000
5,5,13,,,,,,,2026-08-05 21:16:00.150614,,true,100,5,10,6,,,2,200000,150000
5,5,13,,,,,,,2026-08-05 21:16:30.150614,,true,100,19,20,4,,,2,200000,150000
5,5,13,,,,,,,2026-08-05 21:17:00.150614,,true,100,2,3,11,,,2,200000,150000
5,5,13,,,,,,,2026-08-05 21:17:30.150614,,true,100,7,20,10,,,2,200000,150000
5,5,13,,,,,,,2026-08-05 21:18:00.150614,,true,100,3,18,10,,,2,200000,150000
5,5,13,,,,,,,2026-08-05 21:18:30.150614,,true,100,19,3,13,,,2,200000,150000
5,5,13,,,,,,,2026-08-05 21:19:00.150614,,true,100,3,12,9,,,2,200000,150000
5,5,13,,,,,,,2026-08-05 21:19:30.150614,,true,100,4,13,17,,,2,200000,150000
5,5,13,,,,,,,2026-08-05 21:20:00.150614,,true,100,13,4,1,,,2,200000,150000
5,5,13,,,,,,,2026-08-05 21:20:30.150614,,true,100,1,10,12,,,2,200000,150000
5,5,13,,,,,,,2026-08-05 21:21:00.150614,,true,100,17,6,5,,,2,200000,150000
5,5,13,,,,,,,2026-08-05 21:21:30.150614,,true,100,6,18,12,,,2,200000,150000
5,5,13,,,,,,,2026-08-05 21:22:00.150614,,true,100,0,16,18,,,2,200000,150000
5,5,13,,,,,,,2026-08-05 21:22:30.150614,,true,100,10,19,1,,,2,200000,150000
5,5,13,,,,,,,2026-08-05 21:23:00.150614,,true,100,18,0,4,,,2,200000,150000
5,5,13,,,,,,,2026-08-05 21:23:30.150614,,true,100,16,8,14,,,2,200000,150000
5,5,13,,,,,,,2026-08-05 21:24:00.150614,,true,100,6,15,12,,,2,200000,150000
5,5,13,,,,,,,2026-08-05 21:24:30.150614,,true,100,10,16,6,,,2,200000,150000
5,5,13,,,,,,,2026-08-05 21:25:00.150614,,true,100,18,6,2,,,2,200000,150000
5,5,13,,,,,,,2026-08-05 21:25:30.150614,,true,100,6,7,16,,,2,200000,150000
5,5,13,,,,,,,2026-08-05 21:26:00.150614,,true,100,5,20,16,,,2,200000,150000
5,5,13,,,,,,,2026-08-05 21:26:30.150614,,true,100,7,12,14,,,2,200000,150000
5,5,13,,,,,,,2026-08-05 21:27:00.150614,,true,100,3,17,12,,,2,200000,150000
5,5,13,,,,,,,2026-08-05 21:27:30.150614,,true,100,18,6,14,,,2,200000,150000
5,5,13,,,,,,,2026-08-05 21:28:00.150614,,true,100,11,20,4,,,2,200000,150000
5,5,13,,,,,,,2026-08-05 21:28:30.150614,,true,100,2,11,7,,,2,200000,150000
5,5,13,,,,,,,2026-08-05 21:29:00.150614,,true,100,7,10,6,,,2,200000,150000
5,5,13,,,,,,,2026-08-05 21:29:30.150614,,true,100,12,16,4,,,2,200000,150000
5,5,13,,,,,,,2026-08-05 21:30:00.150614,,true,100,1,19,1,,,2,200000,150000
5,5,13,,,,,,,2026-08-05 21:30:30.150614,,true,100,1,20,15,,,2,200000,150000
5,5,13,,,,,,,2026-08-05 21:31:00.150614,,true,100,5,2,13,,,2,200000,150000
5,5,13,,,,,,,2026-08-05 21:31:30.150614,,true,100,20,19,8,,,2,200000,150000
5,5,13,,,,,,,2026-08-05 21:32:00.150614,,true,100,14,2,2,,,2,200000,150000
5,5,13,,,,,,,2026-08-05 21:32:30.150614,,true,100,10,4,19,,,2,200000,150000
5,5,13,,,,,,,2026-08-05 21:33:00.150614,,true,100,11,15,11,,,2,200000,150000
5,5,13,,,,,,,2026-08-05 21:33:30.150614,,true,100,2,8,19,,,2,200000,150000
5,5,13,,,,,,,2026-08-05 21:34:00.150614,,true,100,20,18,19,,,2,200000,150000
5,5,13,,,,,,,2026-08-05 21:34:30.150614,,true,100,4,6,8,,,2,200000,150000
5,5,13,,,,,,,2026-08-05 21:35:00.150614,,true,100,20,0,20,,,2,200000,150000
5,5,13,,,,,,,2026-08-05 21:35:30.150614,,true,100,3,2,8,,,2,200000,150000
5,5,13,,,,,,,2026-08-05 21:36:00.150614,,true,100,0,13,1,,,2,200000,150000
5,5,13,,,,,,,2026-08-05 21:36:30.150614,,true,100,20,11,2,,,2,200000,150000
5,5,13,,,,,,,2026-08-05 21:37:00.150614,,true,100,4,5,9,,,2,200000,150000
5,5,13,,,,,,,2026-08-05 21:37:30.150614,,true,100,1,14,15,,,2,200000,150000
5,5,13,,,,,,,2026-08-05 21:38:00.150614,,true,100,16,17,10,,,2,200000,150000
5,5,13,,,,,,,2026-08-05 21:38:30.150614,,true,100,10,12,3,,,2,200000,150000
5,5,13,,,,,,,2026-08-05 21:39:00.150614,,true,100,19,16,11,,,2,200000,150000
5,5,13,,,,,,,2026-08-05 21:39:30.150614,,true,100,14,18,0,,,2,200000,150000
5,5,13,,,,,,,2026-08-05 21:40:00.150614,,true,100,19,4,19,,,2,200000,150000
5,5,13,,,,,,,2026-08-05 21:40:30.150614,,true,100,15,5,0,,,2,200000,150000
5,5,13,,,,,,,2026-08-05 21:41:00.150614,,true,100,20,18,4,,,2,200000,150000
5,5,13,,,,,,,2026-08-05 21:41:30.150614,,true,100,0,2,5,,,2,200000,150000
5,5,13,,,,,,,2026-08-05 21:42:00.150614,,true,100,20,12,5,,,2,200000,150000
5,5,13,,,,,,,2026-08-05 21:42:30.150614,,true,100,0,17,7,,,2,200000,150000
5,5,13,,,,,,,2026-08-05 21:43:00.150614,,true,100,17,3,17,,,2,200000,150000
5,5,13,,,,,,,2026-08-05 21:43:30.150614,,true,100,6,12,6,,,2,200000,150000
5,5,13,,,,,,,2026-08-05 21:44:00.150614,,true,100,3,16,12,,,2,200000,150000
5,5,13,,,,,,,2026-08-05 21:44:30.150614,,true,100,2,19,8,,,2,200000,150000
5,5,13,,,,,,,2026-08-05 21:45:00.150614,,true,100,12,2,4,,,2,200000,150000
5,5,13,,,,,,,2026-08-05 21:45:30.150614,,true,100,12,3,5,,,2,200000,150000
5,5,13,,,,,,,2026-08-05 21:46:00.150614,,true,100,13,1,1,,,2,200000,150000
5,5,13,,,,,,,2026-08-05 21:46:30.150614,,true,100,3,5,6,,,2,200000,150000
5,5,13,,,,,,,2026-08-05 21:47:00.150614,,true,100,16,7,1,,,2,200000,150000
5,5,13,,,,,,,2026-08-05 21:47:30.150614,,true,100,18,1,6,,,2,200000,150000
5,5,13,,,,,,,2026-08-05 21:48:00.150614,,true,100,12,0,8,,,2,200000,150000
5,5,13,,,,,,,2026-08-05 21:48:30.150614,,true,100,18,17,13,,,2,200000,150000
5,5,13,,,,,,,2026-08-05 21:49:00.150614,,true,100,10,6,15,,,2,200000,150000
5,5,13,,,,,,,2026-08-05 21:49:30.150614,,true,100,13,4,20,,,2,200000,150000
5,5,13,,,,,,,2026-08-05 21:50:00.150614,,true,100,12,14,9,,,2,200000,150000
5,5,13,,,,,,,2026-08-05 21:50:30.150614,,true,100,2,11,12,,,2,200000,150000
5,5,13,,,,,,,2026-08-05 21:51:00.150614,,true,100,15,16,10,,,2,200000,150000
5,5,13,,,,,,,2026-08-05 21:51:30.150614,,true,100,18,20,2,,,2,200000,150000
5,5,13,,,,,,,2026-08-05 21:52:00.150614,,true,100,7,5,15,,,2,200000,150000
5,5,13,,,,,,,2026-08-05 21:52:30.150614,,true,100,2,16,8,,,2,200000,150000
5,5,13,,,,,,,2026-08-05 21:53:00.150614,,true,100,0,6,14,,,2,200000,150000
5,5,13,,,,,,,2026-08-05 21:53:30.150614,,true,100,3,20,19,,,2,200000,150000
5,5,13,,,,,,,2026-08-05 21:54:00.150614,,true,100,11,4,17,,,2,200000,150000
5,5,13,,,,,,,2026-08-05 21:54:30.150614,,true,100,16,18,2,,,2,200000,150000
5,5,13,,,,,,,2026-08-05 21:55:00.150614,,true,100,19,10,15,,,2,200000,150000
5,5,13,,,,,,,2026-08-05 21:55:30.150614,,true,100,17,6,15,,,2,200000,150000
5,5,13,,,,,,,2026-08-05 21:56:00.150614,,true,100,4,1,18,,,2,200000,150000
5,5,13,,,,,,,2026-08-05 21:56:30.150614,,true,100,20,1,7,,,2,200000,150000
5,5,13,,,,,,,2026-08-05 21:57:00.150614,,true,100,6,17,0,,,2,200000,150000
5,5,13,,,,,,,2026-08-05 21:57:30.150614,,true,100,15,10,10,,,2,200000,150000
5,5,13,,,,,,,2026-08-05 21:58:00.150614,,true,100,11,12,1,,,2,200000,150000
5,5,13,,,,,,,2026-08-05 21:58:30.150614,,true,100,15,11,8,,,2,200000,150000
5,5,13,,,,,,,2026-08-05 21:59:00.150614,,true,100,4,7,2,,,2,200000,150000
5,5,13,,,,,,,2026-08-05 21:59:30.150614,,true,100,8,6,11,,,2,200000,150000
5,5,13,,,,,,,2026-08-05 22:00:00.150614,,true,100,13,16,12,,,2,200000,150000
5,5,13,,,,,,,2026-08-05 22:00:30.150614,,true,100,18,7,1,,,2,200000,150000
5,5,13,,,,,,,2026-08-05 22:01:00.150614,,true,100,17,3,8,,,2,200000,150000
5,5,13,,,,,,,2026-08-05 22:01:30.150614,,true,100,19,12,15,,,2,200000,150000
5,5,13,,,,,,,2026-08-05 22:02:00.150614,,true,100,7,18,11,,,2,200000,150000
5,5,13,,,,,,,2026-08-05 22:02:30.150614,,true,100,14,16,1,,,2,200000,150000
5,5,13,,,,,,,2026-08-05 22:03:00.150614,,true,100,20,7,12,,,2,200000,150000
5,5,13,,,,,,,2026-08-05 22:03:30.150614,,true,100,5,2,7,,,2,200000,150000
5,5,13,,,,,,,2026-08-05 22:04:00.150614,,true,100,9,9,2,,,2,200000,150000
5,5,13,,,,,,,2026-08-05 22:04:30.150614,,true,100,17,2,12,,,2,200000,150000
5,5,13,,,,,,,2026-08-05 22:05:00.150614,,true,100,3,1,13,,,2,200000,150000
5,5,13,,,,,,,2026-08-05 22:05:30.150614,,true,100,0,19,1,,,2,200000,150000
5,5,13,,,,,,,2026-08-05 22:06:00.150614,,true,100,6,11,17,,,2,200000,150000
5,5,13,,,,,,,2026-08-05 22:06:30.150614,,true,100,17,19,10,,,2,200000,150000
5,5,13,,,,,,,2026-08-05 22:07:00.150614,,true,100,10,1,19,,,2,200000,150000
5,5,13,,,,,,,2026-08-05 22:07:30.150614,,true,100,9,18,6,,,2,200000,150000
5,5,13,,,,,,,2026-08-05 22:08:00.150614,,true,100,1,2,2,,,2,200000,150000
5,5,13,,,,,,,2026-08-05 22:08:30.150614,,true,100,20,3,12,,,2,200000,150000
5,5,13,,,,,,,2026-08-05 22:09:00.150614,,true,100,15,9,12,,,2,200000,150000
5,5,13,,,,,,,2026-08-05 22:09:30.150614,,true,100,2,2,19,,,2,200000,150000
5,5,13,,,,,,,2026-08-05 22:10:00.150614,,true,100,14,1,3,,,2,200000,150000
5,5,13,,,,,,,2026-08-05 22:10:30.150614,,true,100,8,5,10,,,2,200000,150000
5,5,13,,,,,,,2026-08-05 22:11:00.150614,,true,100,15,7,12,,,2,200000,150000
5,5,13,,,,,,,2026-08-05 22:11:30.150614,,true,100,7,12,16,,,2,200000,150000
5,5,13,,,,,,,2026-08-05 22:12:00.150614,,true,100,13,17,11,,,2,200000,150000
5,5,13,,,,,,,2026-08-05 22:12:30.150614,,true,100,10,0,10,,,2,200000,150000
5,5,13,,,,,,,2026-08-05 22:13:00.150614,,true,100,13,10,15,,,2,200000,150000
5,5,13,,,,,,,2026-08-05 22:13:30.150614,,true,100,20,18,18,,,2,200000,150000
5,5,13,,,,,,,2026-08-05 22:14:00.150614,,true,100,13,15,19,,,2,200000,150000
5,5,13,,,,,,,2026-08-05 22:14:30.150614,,true,100,20,19,8,,,2,200000,150000
5,5,13,,,,,,,2026-08-05 22:15:00.150614,,true,100,19,17,12,,,2,200000,150000
5,5,13,,,,,,,2026-08-05 22:15:30.150614,,true,100,8,11,3,,,2,200000,150000
5,5,13,,,,,,,2026-08-05 22:16:00.150614,,true,100,0,9,16,,,2,200000,150000
5,5,13,,,,,,,2026-08-05 22:16:30.150614,,true,100,9,10,12,,,2,200000,150000
5,5,13,,,,,,,2026-08-05 22:17:00.150614,,true,100,4,10,8,,,2,200000,150000
5,5,13,,,,,,,2026-08-05 22:17:30.150614,,true,100,10,14,19,,,2,200000,150000
5,5,13,,,,,,,2026-08-05 22:18:00.150614,,true,100,0,17,20,,,2,200000,150000
5,5,13,,,,,,,2026-08-05 22:18:30.150614,,true,100,5,8,10,,,2,200000,150000
5,5,13,,,,,,,2026-08-05 22:19:00.150614,,true,100,7,3,7,,,2,200000,150000
5,5,13,,,,,,,2026-08-05 22:19:30.150614,,true,100,10,8,8,,,2,200000,150000
5,5,13,,,,,,,2026-08-05 22:20:00.150614,,true,100,4,4,4,,,2,200000,150000
5,5,13,,,,,,,2026-08-05 22:20:30.150614,,true,100,19,1,9,,,2,200000,150000
5,5,13,,,,,,,2026-08-05 22:21:00.150614,,true,100,16,11,11,,,2,200000,150000
5,5,13,,,,,,,2026-08-05 22:21:30.150614,,true,100,1,2,5,,,2,200000,150000
5,5,13,,,,,,,2026-08-05 22:22:00.150614,,true,100,0,3,13,,,2,200000,150000
5,5,13,,,,,,,2026-08-05 22:22:30.150614,,true,100,6,13,9,,,2,200000,150000
5,5,13,,,,,,,2026-08-05 22:23:00.150614,,true,100,19,2,10,,,2,200000,150000
5,5,13,,,,,,,2026-08-05 22:23:30.150614,,true,100,2,12,12,,,2,200000,150000
5,5,13,,,,,,,2026-08-05 22:24:00.150614,,true,100,5,4,18,,,2,200000,150000
5,5,13,,,,,,,2026-08-05 22:24:30.150614,,true,100,6,4,2,,,2,200000,150000
5,5,13,,,,,,,2026-08-05 22:25:00.150614,,true,100,13,13,12,,,2,200000,150000
5,5,13,,,,,,,2026-08-05 22:25:30.150614,,true,100,19,16,11,,,2,200000,150000
5,5,13,,,,,,,2026-08-05 22:26:00.150614,,true,100,16,0,7,,,2,200000,150000
5,5,13,,,,,,,2026-08-05 22:26:30.150614,,true,100,13,1,16,,,2,200000,150000
5,5,13,,,,,,,2026-08-05 22:27:00.150614,,true,100,7,12,2,,,2,200000,150000
5,5,13,,,,,,,2026-08-05 22:27:30.150614,,true,100,7,6,6,,,2,200000,150000
5,5,13,,,,,,,2026-08-05 22:28:00.150614,,true,100,13,5,20,,,2,200000,150000
5,5,13,,,,,,,2026-08-05 22:28:30.150614,,true,100,14,8,10,,,2,200000,150000
5,5,13,,,,,,,2026-08-05 22:29:00.150614,,true,100,15,10,5,,,2,200000,150000
5,5,13,,,,,,,2026-08-05 22:29:30.150614,,true,100,4,9,6,,,2,200000,150000
5,5,13,,,,,,,2026-08-05 22:30:00.150614,,true,100,2,19,13,,,2,200000,150000
5,5,13,,,,,,,2026-08-05 22:30:30.150614,,true,100,3,7,20,,,2,200000,150000
5,5,13,,,,,,,2026-08-05 22:31:00.150614,,true,100,2,15,11,,,2,200000,150000
5,5,13,,,,,,,2026-08-05 22:31:30.150614,,true,100,4,1,11,,,2,200000,150000
5,5,13,,,,,,,2026-08-05 22:32:00.150614,,true,100,9,7,3,,,2,200000,150000
5,5,13,,,,,,,2026-08-05 22:32:30.150614,,true,100,10,8,15,,,2,200000,150000
5,5,13,,,,,,,2026-08-05 22:33:00.150614,,true,100,20,16,8,,,2,200000,150000
5,5,13,,,,,,,2026-08-05 22:33:30.150614,,true,100,2,4,2,,,2,200000,150000
5,5,13,,,,,,,2026-08-05 22:34:00.150614,,true,100,11,18,1,,,2,200000,150000
5,5,13,,,,,,,2026-08-05 22:34:30.150614,,true,100,19,2,10,,,2,200000,150000
5,5,13,,,,,,,2026-08-05 22:35:00.150614,,true,100,8,13,9,,,2,200000,150000
5,5,13,,,,,,,2026-08-05 22:35:30.150614,,true,100,19,9,13,,,2,200000,150000
5,5,13,,,,,,,2026-08-05 22:36:00.150614,,true,100,7,14,20,,,2,200000,150000
5,5,13,,,,,,,2026-08-05 22:36:30.150614,,true,100,3,5,0,,,2,200000,150000
5,5,13,,,,,,,2026-08-05 22:37:00.150614,,true,100,7,8,11,,,2,200000,150000
5,5,13,,,,,,,2026-08-05 22:37:30.150614,,true,100,19,5,0,,,2,200000,150000
5,5,13,,,,,,,2026-08-05 22:38:00.150614,,true,100,7,15,2,,,2,200000,150000
5,5,13,,,,,,,2026-08-05 22:38:30.150614,,true,100,1,3,1,,,2,200000,150000
5,5,13,,,,,,,2026-08-05 22:39:00.150614,,true,100,14,6,16,,,2,200000,150000
5,5,13,,,,,,,2026-08-05 22:39:30.150614,,true,100,6,17,9,,,2,200000,150000
5,5,13,,,,,,,2026-08-05 22:40:00.150614,,true,100,5,4,19,,,2,200000,150000
5,5,13,,,,,,,2026-08-05 22:40:30.150614,,true,100,20,1,11,,,2,200000,150000
5,5,13,,,,,,,2026-08-05 22:41:00.150614,,true,100,10,12,8,,,2,200000,150000
5,5,13,,,,,,,2026-08-05 22:41:30.150614,,true,100,12,8,2,,,2,200000,150000
5,5,13,,,,,,,2026-08-05 22:42:00.150614,,true,100,8,3,14,,,2,200000,150000
5,5,13,,,,,,,2026-08-05 22:42:30.150614,,true,100,3,4,3,,,2,200000,150000
5,5,13,,,,,,,2026-08-05 22:43:00.150614,,true,100,13,1,3,,,2,200000,150000
5,5,13,,,,,,,2026-08-05 22:43:30.150614,,true,100,13,19,1,,,2,200000,150000
5,5,13,,,,,,,2026-08-05 22:44:00.150614,,true,100,10,2,1,,,2,200000,150000
5,5,13,,,,,,,2026-08-05 22:44:30.150614,,true,100,8,6,19,,,2,200000,150000
5,5,13,,,,,,,2026-08-05 22:45:00.150614,,true,100,16,1,6,,,2,200000,150000
5,5,13,,,,,,,2026-08-05 22:45:30.150614,,true,100,7,20,7,,,2,200000,150000
5,5,13,,,,,,,2026-08-05 22:46:00.150614,,true,100,4,4,6,,,2,200000,150000
5,5,13,,,,,,,2026-08-05 22:46:30.150614,,true,100,11,8,2,,,2,200000,150000
5,5,13,,,,,,,2026-08-05 22:47:00.150614,,true,100,5,11,19,,,2,200000,150000
5,5,13,,,,,,,2026-08-05 22:47:30.150614,,true,100,19,7,15,,,2,200000,150000
5,5,13,,,,,,,2026-08-05 22:48:00.150614,,true,100,0,0,9,,,2,200000,150000
5,5,13,,,,,,,2026-08-05 22:48:30.150614,,true,100,17,3,13,,,2,200000,150000
5,5,13,,,,,,,2026-08-05 22:49:00.150614,,true,100,11,4,1,,,2,200000,150000
5,5,13,,,,,,,2026-08-05 22:49:30.150614,,true,100,9,9,19,,,2,200000,150000
5,5,13,,,,,,,2026-08-05 22:50:00.150614,,true,100,19,0,14,,,2,200000,150000
5,5,13,,,,,,,2026-08-05 22:50:30.150614,,true,100,10,3,6,,,2,200000,150000
5,5,13,,,,,,,2026-08-05 22:51:00.150614,,true,100,8,13,6,,,2,200000,150000
5,5,13,,,,,,,2026-08-05 22:51:30.150614,,true,100,0,10,2,,,2,200000,150000
5,5,13,,,,,,,2026-08-05 22:52:00.150614,,true,100,17,20,9,,,2,200000,150000
5,5,13,,,,,,,2026-08-05 22:52:30.150614,,true,100,1,12,0,,,2,200000,150000
5,5,13,,,,,,,2026-08-05 22:53:00.150614,,true,100,8,4,19,,,2,200000,150000
5,5,13,,,,,,,2026-08-05 22:53:30.150614,,true,100,18,0,17,,,2,200000,150000
5,5,13,,,,,,,2026-08-05 22:54:00.150614,,true,100,16,13,5,,,2,200000,150000
5,5,13,,,,,,,2026-08-05 22:54:30.150614,,true,100,1,2,18,,,2,200000,150000
5,5,13,,,,,,,2026-08-05 22:55:00.150614,,true,100,13,8,18,,,2,200000,150000
5,5,13,,,,,,,2026-08-05 22:55:30.150614,,true,100,14,12,2,,,2,200000,150000
5,5,13,,,,,,,2026-08-05 22:56:00.150614,,true,100,9,15,0,,,2,200000,150000
5,5,13,,,,,,,2026-08-05 22:56:30.150614,,true,100,13,10,10,,,2,200000,150000
5,5,13,,,,,,,2026-08-05 22:57:00.150614,,true,100,17,17,6,,,2,200000,150000
5,5,13,,,,,,,2026-08-05 22:57:30.150614,,true,100,18,0,10,,,2,200000,150000
5,5,13,,,,,,,2026-08-05 22:58:00.150614,,true,100,16,14,8,,,2,200000,150000
5,5,13,,,,,,,2026-08-05 22:58:30.150614,,true,100,18,20,20,,,2,200000,150000
5,5,13,,,,,,,2026-08-05 22:59:00.150614,,true,100,15,13,2,,,2,200000,150000
5,5,13,,,,,,,2026-08-05 22:59:30.150614,,true,100,10,5,3,,,2,200000,150000
5,5,13,,,,,,,2026-08-05 23:00:00.150614,,true,100,4,2,4,,,2,200000,150000
5,5,13,,,,,,,2026-08-05 23:00:30.150614,,true,100,17,10,18,,,2,200000,150000
5,5,13,,,,,,,2026-08-05 23:01:00.150614,,true,100,5,12,1,,,2,200000,150000
5,5,13,,,,,,,2026-08-05 23:01:30.150614,,true,100,18,0,10,,,2,200000,150000
5,5,13,,,,,,,2026-08-05 23:02:00.150614,,true,100,2,16,11,,,2,200000,150000
5,5,13,,,,,,,2026-08-05 23:02:30.150614,,true,100,18,17,10,,,2,200000,150000
5,5,13,,,,,,,2026-08-05 23:03:00.150614,,true,100,5,17,15,,,2,200000,150000
5,5,13,,,,,,,2026-08-05 23:03:30.150614,,true,100,20,0,8,,,2,200000,150000
5,5,13,,,,,,,2026-08-05 23:04:00.150614,,true,100,4,9,11,,,2,200000,150000
5,5,13,,,,,,,2026-08-05 23:04:30.150614,,true,100,12,19,4,,,2,200000,150000
5,5,13,,,,,,,2026-08-05 23:05:00.150614,,true,100,20,13,6,,,2,200000,150000
5,5,13,,,,,,,2026-08-05 23:05:30.150614,,true,100,1,7,5,,,2,200000,150000
5,5,13,,,,,,,2026-08-05 23:06:00.150614,,true,100,7,10,16,,,2,200000,150000
5,5,13,,,,,,,2026-08-05 23:06:30.150614,,true,100,2,17,10,,,2,200000,150000
5,5,13,,,,,,,2026-08-05 23:07:00.150614,,true,100,10,15,15,,,2,200000,150000
5,5,13,,,,,,,2026-08-05 23:07:30.150614,,true,100,15,5,0,,,2,200000,150000
5,5,13,,,,,,,2026-08-05 23:08:00.150614,,true,100,8,10,4,,,2,200000,150000
5,5,13,,,,,,,2026-08-05 23:08:30.150614,,true,100,15,0,19,,,2,200000,150000
5,5,13,,,,,,,2026-08-05 23:09:00.150614,,true,100,7,8,6,,,2,200000,150000
5,5,13,,,,,,,2026-08-05 23:09:30.150614,,true,100,16,18,18,,,2,200000,150000
5,5,13,,,,,,,2026-08-05 23:10:00.150614,,true,100,9,20,0,,,2,200000,150000
5,5,13,,,,,,,2026-08-05 23:10:30.150614,,true,100,6,11,11,,,2,200000,150000
5,5,13,,,,,,,2026-08-05 23:11:00.150614,,true,100,7,0,6,,,2,200000,150000
5,5,13,,,,,,,2026-08-05 23:11:30.150614,,true,100,5,3,3,,,2,200000,150000
5,5,13,,,,,,,2026-08-05 23:12:00.150614,,true,100,17,11,0,,,2,200000,150000
5,5,13,,,,,,,2026-08-05 23:12:30.150614,,true,100,12,3,5,,,2,200000,150000
5,5,13,,,,,,,2026-08-05 23:13:00.150614,,true,100,6,5,12,,,2,200000,150000
5,5,13,,,,,,,2026-08-05 23:13:30.150614,,true,100,9,2,0,,,2,200000,150000
5,5,13,,,,,,,2026-08-05 23:14:00.150614,,true,100,0,1,5,,,2,200000,150000
5,5,13,,,,,,,2026-08-05 23:14:30.150614,,true,100,13,7,11,,,2,200000,150000
5,5,13,,,,,,,2026-08-05 23:15:00.150614,,true,100,0,13,11,,,2,200000,150000
5,5,13,,,,,,,2026-08-05 23:15:30.150614,,true,100,15,1,3,,,2,200000,150000
5,5,13,,,,,,,2026-08-05 23:16:00.150614,,true,100,12,10,11,,,2,200000,150000
5,5,13,,,,,,,2026-08-05 23:16:30.150614,,true,100,12,0,12,,,2,200000,150000
5,5,13,,,,,,,2026-08-05 23:17:00.150614,,true,100,1,8,9,,,2,200000,150000
5,5,13,,,,,,,2026-08-05 23:17:30.150614,,true,100,11,9,16,,,2,200000,150000
5,5,13,,,,,,,2026-08-05 23:18:00.150614,,true,100,12,17,4,,,2,200000,150000
5,5,13,,,,,,,2026-08-05 23:18:30.150614,,true,100,9,7,4,,,2,200000,150000
5,5,13,,,,,,,2026-08-05 23:19:00.150614,,true,100,17,6,2,,,2,200000,150000
5,5,13,,,,,,,2026-08-05 23:19:30.150614,,true,100,17,9,3,,,2,200000,150000
5,5,13,,,,,,,2026-08-05 23:20:00.150614,,true,100,13,13,15,,,2,200000,150000
5,5,13,,,,,,,2026-08-05 23:20:30.150614,,true,100,7,9,8,,,2,200000,150000
5,5,13,,,,,,,2026-08-05 23:21:00.150614,,true,100,0,12,17,,,2,200000,150000
5,5,13,,,,,,,2026-08-05 23:21:30.150614,,true,100,16,11,15,,,2,200000,150000
5,5,13,,,,,,,2026-08-05 23:22:00.150614,,true,100,9,2,15,,,2,200000,150000
5,5,13,,,,,,,2026-08-05 23:22:30.150614,,true,100,7,2,10,,,2,200000,150000
5,5,13,,,,,,,2026-08-05 23:23:00.150614,,true,100,2,2,16,,,2,200000,150000
5,5,13,,,,,,,2026-08-05 23:23:30.150614,,true,100,4,11,20,,,2,200000,150000
5,5,13,,,,,,,2026-08-05 23:24:00.150614,,true,100,1,11,15,,,2,200000,150000
5,5,13,,,,,,,2026-08-05 23:24:30.150614,,true,100,8,19,6,,,2,200000,150000
5,5,13,,,,,,,2026-08-05 23:25:00.150614,,true,100,8,8,11,,,2,200000,150000
5,5,13,,,,,,,2026-08-05 23:25:30.150614,,true,100,19,8,8,,,2,200000,150000
5,5,13,,,,,,,2026-08-05 23:26:00.150614,,true,100,4,8,12,,,2,200000,150000
5,5,13,,,,,,,2026-08-05 23:26:30.150614,,true,100,18,15,10,,,2,200000,150000
5,5,13,,,,,,,2026-08-05 23:27:00.150614,,true,100,13,2,14,,,2,200000,150000
5,5,13,,,,,,,2026-08-05 23:27:30.150614,,true,100,5,17,14,,,2,200000,150000
5,5,13,,,,,,,2026-08-05 23:28:00.150614,,true,100,3,19,17,,,2,200000,150000
5,5,13,,,,,,,2026-08-05 23:28:30.150614,,true,100,17,19,18,,,2,200000,150000
5,5,13,,,,,,,2026-08-05 23:29:00.150614,,true,100,19,2,2,,,2,200000,150000
5,5,13,,,,,,,2026-08-05 23:29:30.150614,,true,100,2,12,3,,,2,200000,150000
5,5,13,,,,,,,2026-08-05 23:30:00.150614,,true,100,9,18,5,,,2,200000,150000
5,5,13,,,,,,,2026-08-05 23:30:30.150614,,true,100,5,18,11,,,2,200000,150000
5,5,13,,,,,,,2026-08-05 23:31:00.150614,,true,100,13,2,14,,,2,200000,150000
5,5,13,,,,,,,2026-08-05 23:31:30.150614,,true,100,20,13,7,,,2,200000,150000
5,5,13,,,,,,,2026-08-05 23:32:00.150614,,true,100,11,1,17,,,2,200000,150000
5,5,13,,,,,,,2026-08-05 23:32:30.150614,,true,100,17,19,11,,,2,200000,150000
5,5,13,,,,,,,2026-08-05 23:33:00.150614,,true,100,12,6,16,,,2,200000,150000
5,5,13,,,,,,,2026-08-05 23:33:30.150614,,true,100,13,0,4,,,2,200000,150000
5,5,13,,,,,,,2026-08-05 23:34:00.150614,,true,100,12,13,1,,,2,200000,150000
5,5,13,,,,,,,2026-08-05 23:34:30.150614,,true,100,13,19,12,,,2,200000,150000
5,5,13,,,,,,,2026-08-05 23:35:00.150614,,true,100,6,7,9,,,2,200000,150000
5,5,13,,,,,,,2026-08-05 23:35:30.150614,,true,100,6,6,12,,,2,200000,150000
5,5,13,,,,,,,2026-08-05 23:36:00.150614,,true,100,5,1,2,,,2,200000,150000
5,5,13,,,,,,,2026-08-05 23:36:30.150614,,true,100,7,19,4,,,2,200000,150000
5,5,13,,,,,,,2026-08-05 23:37:00.150614,,true,100,17,2,16,,,2,200000,150000
5,5,13,,,,,,,2026-08-05 23:37:30.150614,,true,100,9,10,19,,,2,200000,150000
5,5,13,,,,,,,2026-08-05 23:38:00.150614,,true,100,11,1,17,,,2,200000,150000
5,5,13,,,,,,,2026-08-05 23:38:30.150614,,true,100,16,10,9,,,2,200000,150000
5,5,13,,,,,,,2026-08-05 23:39:00.150614,,true,100,12,19,2,,,2,200000,150000
5,5,13,,,,,,,2026-08-05 23:39:30.150614,,true,100,4,8,5,,,2,200000,150000
5,5,13,,,,,,,2026-08-05 23:40:00.150614,,true,100,1,9,19,,,2,200000,150000
5,5,13,,,,,,,2026-08-05 23:40:30.150614,,true,100,7,1,6,,,2,200000,150000
5,5,13,,,,,,,2026-08-05 23:41:00.150614,,true,100,16,10,10,,,2,200000,150000
5,5,13,,,,,,,2026-08-05 23:41:30.150614,,true,100,19,2,5,,,2,200000,150000
5,5,13,,,,,,,2026-08-05 23:42:00.150614,,true,100,4,4,9,,,2,200000,150000
5,5,13,,,,,,,2026-08-05 23:42:30.150614,,true,100,2,3,7,,,2,200000,150000
5,5,13,,,,,,,2026-08-05 23:43:00.150614,,true,100,6,7,11,,,2,200000,150000
5,5,13,,,,,,,2026-08-05 23:43:30.150614,,true,100,2,8,17,,,2,200000,150000
5,5,13,,,,,,,2026-08-05 23:44:00.150614,,true,100,14,6,4,,,2,200000,150000
5,5,13,,,,,,,2026-08-05 23:44:30.150614,,true,100,11,6,8,,,2,200000,150000
5,5,13,,,,,,,2026-08-05 23:45:00.150614,,true,100,13,14,0,,,2,200000,150000
5,5,13,,,,,,,2026-08-05 23:45:30.150614,,true,100,10,7,3,,,2,200000,150000
5,5,13,,,,,,,2026-08-05 23:46:00.150614,,true,100,6,2,16,,,2,200000,150000
5,5,13,,,,,,,2026-08-05 23:46:30.150614,,true,100,9,8,4,,,2,200000,150000
5,5,13,,,,,,,2026-08-05 23:47:00.150614,,true,100,0,2,18,,,2,200000,150000
5,5,13,,,,,,,2026-08-05 23:47:30.150614,,true,100,2,4,20,,,2,200000,150000
5,5,13,,,,,,,2026-08-05 23:48:00.150614,,true,100,9,14,20,,,2,200000,150000
5,5,13,,,,,,,2026-08-05 23:48:30.150614,,true,100,11,20,15,,,2,200000,150000
5,5,13,,,,,,,2026-08-05 23:49:00.150614,,true,100,2,0,8,,,2,200000,150000
5,5,13,,,,,,,2026-08-05 23:49:30.150614,,true,100,6,5,15,,,2,200000,150000
5,5,13,,,,,,,2026-08-05 23:50:00.150614,,true,100,5,4,10,,,2,200000,150000
5,5,13,,,,,,,2026-08-05 23:50:30.150614,,true,100,0,4,7,,,2,200000,150000
5,5,13,,,,,,,2026-08-05 23:51:00.150614,,true,100,19,11,12,,,2,200000,150000
5,5,13,,,,,,,2026-08-05 23:51:30.150614,,true,100,7,19,1,,,2,200000,150000
5,5,13,,,,,,,2026-08-05 23:52:00.150614,,true,100,15,0,17,,,2,200000,150000
5,5,13,,,,,,,2026-08-05 23:52:30.150614,,true,100,11,6,2,,,2,200000,150000
5,5,13,,,,,,,2026-08-05 23:53:00.150614,,true,100,7,1,11,,,2,200000,150000
5,5,13,,,,,,,2026-08-05 23:53:30.150614,,true,100,13,12,13,,,2,200000,150000
5,5,13,,,,,,,2026-08-05 23:54:00.150614,,true,100,17,19,15,,,2,200000,150000
5,5,13,,,,,,,2026-08-05 23:54:30.150614,,true,100,8,13,0,,,2,200000,150000
5,5,13,,,,,,,2026-08-05 23:55:00.150614,,true,100,15,14,19,,,2,200000,150000
5,5,13,,,,,,,2026-08-05 23:55:30.150614,,true,100,15,3,6,,,2,200000,150000
5,5,13,,,,,,,2026-08-05 23:56:00.150614,,true,100,11,13,5,,,2,200000,150000
5,5,13,,,,,,,2026-08-05 23:56:30.150614,,true,100,20,20,10,,,2,200000,150000
5,5,13,,,,,,,2026-08-05 23:57:00.150614,,true,100,1,12,18,,,2,200000,150000
5,5,13,,,,,,,2026-08-05 23:57:30.150614,,true,100,7,8,19,,,2,200000,150000
5,5,13,,,,,,,2026-08-05 23:58:00.150614,,true,100,16,13,19,,,2,200000,150000
5,5,13,,,,,,,2026-08-05 23:58:30.150614,,true,100,6,13,9,,,2,200000,150000
5,5,13,,,,,,,2026-08-05 23:59:00.150614,,true,100,19,16,17,,,2,200000,150000
5,5,13,,,,,,,2026-08-05 23:59:30.150614,,true,100,18,0,15,,,2,200000,150000
5,5,13,,,,,,,2026-08-06 00:00:00.150614,,true,100,7,1,7,,,2,200000,150000
5,5,13,,,,,,,2026-08-06 00:00:30.150614,,true,100,4,8,0,,,2,200000,150000
5,5,13,,,,,,,2026-08-06 00:01:00.150614,,true,100,5,2,20,,,2,200000,150000
5,5,13,,,,,,,2026-08-06 00:01:30.150614,,true,100,17,18,2,,,2,200000,150000
5,5,13,,,,,,,2026-08-06 00:02:00.150614,,true,100,13,2,7,,,2,200000,150000
5,5,13,,,,,,,2026-08-06 00:02:30.150614,,true,100,2,13,17,,,2,200000,150000
5,5,13,,,,,,,2026-08-06 00:03:00.150614,,true,100,16,15,18,,,2,200000,150000
5,5,13,,,,,,,2026-08-06 00:03:30.150614,,true,100,1,19,7,,,2,200000,150000
5,5,13,,,,,,,2026-08-06 00:04:00.150614,,true,100,11,10,1,,,2,200000,150000
5,5,13,,,,,,,2026-08-06 00:04:30.150614,,true,100,7,11,2,,,2,200000,150000
5,5,13,,,,,,,2026-08-06 00:05:00.150614,,true,100,11,5,10,,,2,200000,150000
5,5,13,,,,,,,2026-08-06 00:05:30.150614,,true,100,17,18,4,,,2,200000,150000
5,5,13,,,,,,,2026-08-06 00:06:00.150614,,true,100,2,5,10,,,2,200000,150000
5,5,13,,,,,,,2026-08-06 00:06:30.150614,,true,100,17,0,4,,,2,200000,150000
5,5,13,,,,,,,2026-08-06 00:07:00.150614,,true,100,9,14,0,,,2,200000,150000
5,5,13,,,,,,,2026-08-06 00:07:30.150614,,true,100,16,16,15,,,2,200000,150000
5,5,13,,,,,,,2026-08-06 00:08:00.150614,,true,100,4,16,7,,,2,200000,150000
5,5,13,,,,,,,2026-08-06 00:08:30.150614,,true,100,8,3,10,,,2,200000,150000
5,5,13,,,,,,,2026-08-06 00:09:00.150614,,true,100,18,11,2,,,2,200000,150000
5,5,13,,,,,,,2026-08-06 00:09:30.150614,,true,100,5,20,9,,,2,200000,150000
5,5,13,,,,,,,2026-08-06 00:10:00.150614,,true,100,16,5,10,,,2,200000,150000
5,5,13,,,,,,,2026-08-06 00:10:30.150614,,true,100,3,11,20,,,2,200000,150000
5,5,13,,,,,,,2026-08-06 00:11:00.150614,,true,100,8,12,18,,,2,200000,150000
5,5,13,,,,,,,2026-08-06 00:11:30.150614,,true,100,11,11,16,,,2,200000,150000
5,5,13,,,,,,,2026-08-06 00:12:00.150614,,true,100,20,10,20,,,2,200000,150000
5,5,13,,,,,,,2026-08-06 00:12:30.150614,,true,100,5,3,8,,,2,200000,150000
5,5,13,,,,,,,2026-08-06 00:13:00.150614,,true,100,0,20,11,,,2,200000,150000
5,5,13,,,,,,,2026-08-06 00:13:30.150614,,true,100,17,17,9,,,2,200000,150000
5,5,13,,,,,,,2026-08-06 00:14:00.150614,,true,100,20,8,10,,,2,200000,150000
5,5,13,,,,,,,2026-08-06 00:14:30.150614,,true,100,19,20,6,,,2,200000,150000
5,5,13,,,,,,,2026-08-06 00:15:00.150614,,true,100,19,2,1,,,2,200000,150000
5,5,13,,,,,,,2026-08-06 00:15:30.150614,,true,100,17,7,16,,,2,200000,150000
5,5,13,,,,,,,2026-08-06 00:16:00.150614,,true,100,18,2,1,,,2,200000,150000
5,5,13,,,,,,,2026-08-06 00:16:30.150614,,true,100,11,13,2,,,2,200000,150000
5,5,13,,,,,,,2026-08-06 00:17:00.150614,,true,100,19,5,3,,,2,200000,150000
5,5,13,,,,,,,2026-08-06 00:17:30.150614,,true,100,2,10,7,,,2,200000,150000
5,5,13,,,,,,,2026-08-06 00:18:00.150614,,true,100,15,1,14,,,2,200000,150000
5,5,13,,,,,,,2026-08-06 00:18:30.150614,,true,100,7,16,14,,,2,200000,150000
5,5,13,,,,,,,2026-08-06 00:19:00.150614,,true,100,6,6,1,,,2,200000,150000
5,5,13,,,,,,,2026-08-06 00:19:30.150614,,true,100,11,7,7,,,2,200000,150000
5,5,13,,,,,,,2026-08-06 00:20:00.150614,,true,100,17,10,4,,,2,200000,150000
5,5,13,,,,,,,2026-08-06 00:20:30.150614,,true,100,8,4,20,,,2,200000,150000
5,5,13,,,,,,,2026-08-06 00:21:00.150614,,true,100,19,6,16,,,2,200000,150000
5,5,13,,,,,,,2026-08-06 00:21:30.150614,,true,100,5,18,12,,,2,200000,150000
5,5,13,,,,,,,2026-08-06 00:22:00.150614,,true,100,2,16,2,,,2,200000,150000
5,5,13,,,,,,,2026-08-06 00:22:30.150614,,true,100,17,2,9,,,2,200000,150000
5,5,13,,,,,,,2026-08-06 00:23:00.150614,,true,100,1,5,7,,,2,200000,150000
5,5,13,,,,,,,2026-08-06 00:23:30.150614,,true,100,20,14,14,,,2,200000,150000
5,5,13,,,,,,,2026-08-06 00:24:00.150614,,true,100,11,12,3,,,2,200000,150000
5,5,13,,,,,,,2026-08-06 00:24:30.150614,,true,100,1,11,15,,,2,200000,150000
5,5,13,,,,,,,2026-08-06 00:25:00.150614,,true,100,12,12,17,,,2,200000,150000
5,5,13,,,,,,,2026-08-06 00:25:30.150614,,true,100,3,15,3,,,2,200000,150000
5,5,13,,,,,,,2026-08-06 00:26:00.150614,,true,100,7,20,5,,,2,200000,150000
5,5,13,,,,,,,2026-08-06 00:26:30.150614,,true,100,4,12,19,,,2,200000,150000
5,5,13,,,,,,,2026-08-06 00:27:00.150614,,true,100,8,14,6,,,2,200000,150000
5,5,13,,,,,,,2026-08-06 00:27:30.150614,,true,100,9,5,0,,,2,200000,150000
5,5,13,,,,,,,2026-08-06 00:28:00.150614,,true,100,6,18,19,,,2,200000,150000
5,5,13,,,,,,,2026-08-06 00:28:30.150614,,true,100,8,4,10,,,2,200000,150000
5,5,13,,,,,,,2026-08-06 00:29:00.150614,,true,100,6,11,20,,,2,200000,150000
5,5,13,,,,,,,2026-08-06 00:29:30.150614,,true,100,1,16,16,,,2,200000,150000
5,5,13,,,,,,,2026-08-06 00:30:00.150614,,true,100,19,4,7,,,2,200000,150000
5,5,13,,,,,,,2026-08-06 00:30:30.150614,,true,100,5,20,5,,,2,200000,150000
5,5,13,,,,,,,2026-08-06 00:31:00.150614,,true,100,12,18,19,,,2,200000,150000
5,5,13,,,,,,,2026-08-06 00:31:30.150614,,true,100,8,17,5,,,2,200000,150000
5,5,13,,,,,,,2026-08-06 00:32:00.150614,,true,100,0,0,18,,,2,200000,150000
5,5,13,,,,,,,2026-08-06 00:32:30.150614,,true,100,0,14,10,,,2,200000,150000
5,5,13,,,,,,,2026-08-06 00:33:00.150614,,true,100,10,7,2,,,2,200000,150000
5,5,13,,,,,,,2026-08-06 00:33:30.150614,,true,100,11,20,4,,,2,200000,150000
5,5,13,,,,,,,2026-08-06 00:34:00.150614,,true,100,11,1,4,,,2,200000,150000
5,5,13,,,,,,,2026-08-06 00:34:30.150614,,true,100,5,10,2,,,2,200000,150000
5,5,13,,,,,,,2026-08-06 00:35:00.150614,,true,100,8,8,13,,,2,200000,150000
5,5,13,,,,,,,2026-08-06 00:35:30.150614,,true,100,1,13,4,,,2,200000,150000
5,5,13,,,,,,,2026-08-06 00:36:00.150614,,true,100,14,12,20,,,2,200000,150000
5,5,13,,,,,,,2026-08-06 00:36:30.150614,,true,100,2,20,15,,,2,200000,150000
5,5,13,,,,,,,2026-08-06 00:37:00.150614,,true,100,15,7,17,,,2,200000,150000
5,5,13,,,,,,,2026-08-06 00:37:30.150614,,true,100,3,14,5,,,2,200000,150000
5,5,13,,,,,,,2026-08-06 00:38:00.150614,,true,100,4,1,3,,,2,200000,150000
5,5,13,,,,,,,2026-08-06 00:38:30.150614,,true,100,6,12,20,,,2,200000,150000
5,5,13,,,,,,,2026-08-06 00:39:00.150614,,true,100,14,17,1,,,2,200000,150000
5,5,13,,,,,,,2026-08-06 00:39:30.150614,,true,100,14,5,4,,,2,200000,150000
5,5,13,,,,,,,2026-08-06 00:40:00.150614,,true,100,17,18,11,,,2,200000,150000
5,5,13,,,,,,,2026-08-06 00:40:30.150614,,true,100,16,16,18,,,2,200000,150000
5,5,13,,,,,,,2026-08-06 00:41:00.150614,,true,100,10,6,13,,,2,200000,150000
5,5,13,,,,,,,2026-08-06 00:41:30.150614,,true,100,5,16,1,,,2,200000,150000
5,5,13,,,,,,,2026-08-06 00:42:00.150614,,true,100,10,19,19,,,2,200000,150000
5,5,13,,,,,,,2026-08-06 00:42:30.150614,,true,100,16,13,2,,,2,200000,150000
5,5,13,,,,,,,2026-08-06 00:43:00.150614,,true,100,9,4,8,,,2,200000,150000
5,5,13,,,,,,,2026-08-06 00:43:30.150614,,true,100,14,12,0,,,2,200000,150000
5,5,13,,,,,,,2026-08-06 00:44:00.150614,,true,100,19,8,18,,,2,200000,150000
5,5,13,,,,,,,2026-08-06 00:44:30.150614,,true,100,19,9,0,,,2,200000,150000
5,5,13,,,,,,,2026-08-06 00:45:00.150614,,true,100,4,14,7,,,2,200000,150000
5,5,13,,,,,,,2026-08-06 00:45:30.150614,,true,100,15,15,15,,,2,200000,150000
5,5,13,,,,,,,2026-08-06 00:46:00.150614,,true,100,10,16,18,,,2,200000,150000
5,5,13,,,,,,,2026-08-06 00:46:30.150614,,true,100,0,8,20,,,2,200000,150000
5,5,13,,,,,,,2026-08-06 00:47:00.150614,,true,100,6,9,7,,,2,200000,150000
5,5,13,,,,,,,2026-08-06 00:47:30.150614,,true,100,18,18,3,,,2,200000,150000
5,5,13,,,,,,,2026-08-06 00:48:00.150614,,true,100,4,4,15,,,2,200000,150000
5,5,13,,,,,,,2026-08-06 00:48:30.150614,,true,100,20,17,7,,,2,200000,150000
5,5,13,,,,,,,2026-08-06 00:49:00.150614,,true,100,13,17,0,,,2,200000,150000
5,5,13,,,,,,,2026-08-06 00:49:30.150614,,true,100,3,9,15,,,2,200000,150000
5,5,13,,,,,,,2026-08-06 00:50:00.150614,,true,100,7,20,3,,,2,200000,150000
5,5,13,,,,,,,2026-08-06 00:50:30.150614,,true,100,16,10,12,,,2,200000,150000
5,5,13,,,,,,,2026-08-06 00:51:00.150614,,true,100,18,15,16,,,2,200000,150000
5,5,13,,,,,,,2026-08-06 00:51:30.150614,,true,100,11,0,5,,,2,200000,150000
5,5,13,,,,,,,2026-08-06 00:52:00.150614,,true,100,13,7,6,,,2,200000,150000
5,5,13,,,,,,,2026-08-06 00:52:30.150614,,true,100,20,14,20,,,2,200000,150000
5,5,13,,,,,,,2026-08-06 00:53:00.150614,,true,100,14,1,14,,,2,200000,150000
5,5,13,,,,,,,2026-08-06 00:53:30.150614,,true,100,7,13,9,,,2,200000,150000
5,5,13,,,,,,,2026-08-06 00:54:00.150614,,true,100,18,3,3,,,2,200000,150000
5,5,13,,,,,,,2026-08-06 00:54:30.150614,,true,100,9,15,11,,,2,200000,150000
5,5,13,,,,,,,2026-08-06 00:55:00.150614,,true,100,15,0,18,,,2,200000,150000
5,5,13,,,,,,,2026-08-06 00:55:30.150614,,true,100,5,0,2,,,2,200000,150000
5,5,13,,,,,,,2026-08-06 00:56:00.150614,,true,100,2,1,10,,,2,200000,150000
5,5,13,,,,,,,2026-08-06 00:56:30.150614,,true,100,2,3,1,,,2,200000,150000
5,5,13,,,,,,,2026-08-06 00:57:00.150614,,true,100,16,15,0,,,2,200000,150000
5,5,13,,,,,,,2026-08-06 00:57:30.150614,,true,100,14,10,17,,,2,200000,150000
5,5,13,,,,,,,2026-08-06 00:58:00.150614,,true,100,9,16,0,,,2,200000,150000
5,5,13,,,,,,,2026-08-06 00:58:30.150614,,true,100,12,6,16,,,2,200000,150000
5,5,13,,,,,,,2026-08-06 00:59:00.150614,,true,100,18,7,16,,,2,200000,150000
5,5,13,,,,,,,2026-08-06 00:59:30.150614,,true,100,8,15,1,,,2,200000,150000
5,5,13,2,1,1,2,1,2,2026-08-06 01:00:00.150614,4,true,100,4,12,14,100.230000,13.230000,2,200000,150000
5,5,13,2,1,1,2,1,8,2026-08-06 01:00:30.150614,4,false,100,3,15,20,100.230000,13.230000,2,200000,150000
5,5,13,2,1,1,2,1,2,2026-08-06 01:01:00.150614,4,true,100,12,12,16,100.230000,13.230000,2,200000,150000
5,5,13,2,1,1,2,1,2,2026-08-06 01:01:30.150614,4,true,100,12,3,8,100.230000,13.230000,2,200000,150000
5,5,13,2,1,1,2,1,2,2026-08-06 01:02:00.150614,4,false,100,13,19,4,100.230000,13.230000,2,200000,150000
5,5,13,2,1,1,2,1,2,2026-08-06 01:02:30.150614,4,true,100,1,12,0,100.230000,13.230000,2,200000,150000
5,5,13,2,1,1,2,1,2,2026-08-06 01:03:00.150614,4,true,100,18,11,2,100.230000,13.230000,2,200000,150000
5,5,13,2,1,1,2,1,2,2026-08-06 01:03:30.150614,4,true,100,13,14,16,100.230000,13.230000,2,200000,150000
5,5,13,2,1,1,2,1,2,2026-08-06 01:04:00.150614,4,true,100,9,4,11,100.230000,13.230000,2,200000,150000
5,5,13,2,1,1,2,1,2,2026-08-06 01:04:30.150614,4,true,100,16,3,3,100.230000,13.230000,2,200000,150000
5,5,13,2,1,1,2,1,2,2026-08-06 01:05:00.150614,4,true,100,17,20,0,100.230000,13.230000,2,200000,150000
5,5,13,2,1,1,2,1,2,2026-08-06 01:05:30.150614,4,true,100,16,13,6,100.230000,13.230000,2,200000,150000
5,5,13,2,1,1,2,1,8,2026-08-06 01:06:00.150614,4,false,100,5,10,16,100.230000,13.230000,2,200000,150000
5,5,13,2,1,1,2,1,2,2026-08-06 01:06:30.150614,4,true,100,20,0,7,100.230000,13.230000,2,200000,150000
5,5,13,2,1,1,2,1,2,2026-08-06 01:07:00.150614,4,true,100,12,19,6,100.230000,13.230000,2,200000,150000
5,5,13,2,1,1,2,1,2,2026-08-06 01:07:30.150614,4,true,100,9,2,4,100.230000,13.230000,2,200000,150000
5,5,13,2,1,1,2,1,2,2026-08-06 01:08:00.150614,4,false,100,19,3,2,100.230000,13.230000,2,200000,150000
5,5,13,2,1,1,2,1,2,2026-08-06 01:08:30.150614,4,false,100,13,10,2,100.230000,13.230000,2,200000,150000
5,5,13,2,1,1,2,1,2,2026-08-06 01:09:00.150614,4,false,100,9,14,8,100.230000,13.230000,2,200000,150000
5,5,13,2,1,1,2,1,2,2026-08-06 01:09:30.150614,4,true,100,1,11,3,100.230000,13.230000,2,200000,150000
5,5,13,2,1,1,2,1,2,2026-08-06 01:10:00.150614,4,true,100,14,10,15,100.230000,13.230000,2,200000,150000
5,5,13,2,1,1,2,1,2,2026-08-06 01:10:30.150614,4,true,100,7,18,8,100.230000,13.230000,2,200000,150000
5,5,13,2,1,1,2,1,2,2026-08-06 01:11:00.150614,4,true,100,8,17,12,100.230000,13.230000,2,200000,150000
5,5,13,2,1,1,2,1,2,2026-08-06 01:11:30.150614,4,true,100,7,9,4,100.230000,13.230000,2,200000,150000
5,5,13,2,1,1,2,1,2,2026-08-06 01:12:00.150614,4,true,100,17,6,14,100.230000,13.230000,2,200000,150000
5,5,13,2,1,1,2,1,8,2026-08-06 01:12:30.150614,4,false,100,4,13,13,100.230000,13.230000,2,200000,150000
5,5,13,2,1,1,2,1,8,2026-08-06 01:13:00.150614,4,false,100,1,9,1,100.230000,13.230000,2,200000,150000
5,5,13,2,1,1,2,1,2,2026-08-06 01:13:30.150614,4,true,100,1,0,17,100.230000,13.230000,2,200000,150000
5,5,13,2,1,1,2,1,2,2026-08-06 01:14:00.150614,4,true,100,2,4,16,100.230000,13.230000,2,200000,150000
5,5,13,2,1,1,2,1,2,2026-08-06 01:14:30.150614,4,true,100,4,7,2,100.230000,13.230000,2,200000,150000
5,5,13,2,1,1,2,1,2,2026-08-06 01:15:00.150614,4,true,100,16,14,20,100.230000,13.230000,2,200000,150000
5,5,13,2,1,1,2,1,2,2026-08-06 01:15:30.150614,4,true,100,15,3,9,100.230000,13.230000,2,200000,150000
5,5,13,2,1,1,2,1,2,2026-08-06 01:16:00.150614,4,true,100,19,15,11,100.230000,13.230000,2,200000,150000
5,5,13,2,1,1,2,1,2,2026-08-06 01:16:30.150614,4,true,100,9,14,3,100.230000,13.230000,2,200000,150000
5,5,13,2,1,1,2,1,2,2026-08-06 01:17:00.150614,4,false,100,1,16,19,100.230000,13.230000,2,200000,150000
5,5,13,2,1,1,2,1,8,2026-08-06 01:17:30.150614,4,false,100,20,11,11,100.230000,13.230000,2,200000,150000
5,5,13,2,1,1,2,1,2,2026-08-06 01:18:00.150614,4,true,100,5,16,1,100.230000,13.230000,2,200000,150000
5,5,13,2,1,1,2,1,2,2026-08-06 01:18:30.150614,4,true,100,18,8,10,100.230000,13.230000,2,200000,150000
5,5,13,2,1,1,2,1,2,2026-08-06 01:19:00.150614,4,true,100,2,5,3,100.230000,13.230000,2,200000,150000
5,5,13,2,1,1,2,1,2,2026-08-06 01:19:30.150614,4,true,100,10,3,5,100.230000,13.230000,2,200000,150000
5,5,13,2,1,1,2,1,2,2026-08-06 01:20:00.150614,4,true,100,9,19,13,100.230000,13.230000,2,200000,150000
5,5,13,2,1,1,2,1,2,2026-08-06 01:20:30.150614,4,true,100,1,3,17,100.230000,13.230000,2,200000,150000
5,5,13,2,1,1,2,1,2,2026-08-06 01:21:00.150614,4,true,100,2,14,1,100.230000,13.230000,2,200000,150000
5,5,13,2,1,1,2,1,2,2026-08-06 01:21:30.150614,4,true,100,3,14,15,100.230000,13.230000,2,200000,150000
5,5,13,2,1,1,2,1,2,2026-08-06 01:22:00.150614,4,true,100,3,0,10,100.230000,13.230000,2,200000,150000
5,5,13,2,1,1,2,1,2,2026-08-06 01:22:30.150614,4,true,100,4,4,5,100.230000,13.230000,2,200000,150000
5,5,13,2,1,1,2,1,2,2026-08-06 01:23:00.150614,4,true,100,12,10,20,100.230000,13.230000,2,200000,150000
5,5,13,2,1,1,2,1,2,2026-08-06 01:23:30.150614,4,true,100,17,17,14,100.230000,13.230000,2,200000,150000
5,5,13,2,1,1,2,1,2,2026-08-06 01:24:00.150614,4,false,100,6,18,18,100.230000,13.230000,2,200000,150000
5,5,13,2,1,1,2,1,8,2026-08-06 01:24:30.150614,4,false,100,13,5,2,100.230000,13.230000,2,200000,150000
5,5,13,2,1,1,2,1,2,2026-08-06 01:25:00.150614,4,true,100,17,0,2,100.230000,13.230000,2,200000,150000
5,5,13,2,1,1,2,1,2,2026-08-06 01:25:30.150614,4,true,100,17,19,18,100.230000,13.230000,2,200000,150000
5,5,13,2,1,1,2,1,2,2026-08-06 01:26:00.150614,4,true,100,10,14,4,100.230000,13.230000,2,200000,150000
5,5,13,2,1,1,2,1,2,2026-08-06 01:26:30.150614,4,true,100,13,19,19,100.230000,13.230000,2,200000,150000
5,5,13,2,1,1,2,1,2,2026-08-06 01:27:00.150614,4,true,100,17,17,7,100.230000,13.230000,2,200000,150000
5,5,13,2,1,1,2,1,2,2026-08-06 01:27:30.150614,4,true,100,6,6,17,100.230000,13.230000,2,200000,150000
5,5,13,2,1,1,2,1,2,2026-08-06 01:28:00.150614,4,true,100,19,3,19,100.230000,13.230000,2,200000,150000
5,5,13,2,1,1,2,1,2,2026-08-06 01:28:30.150614,4,true,100,14,3,6,100.230000,13.230000,2,200000,150000
5,5,13,2,1,1,2,1,2,2026-08-06 01:29:00.150614,4,true,100,19,6,3,100.230000,13.230000,2,200000,150000
5,5,13,2,1,1,2,1,2,2026-08-06 01:29:30.150614,4,true,100,20,16,20,100.230000,13.230000,2,200000,150000
5,5,13,2,1,1,2,1,2,2026-08-06 01:30:00.150614,4,true,100,17,14,7,100.230000,13.230000,2,200000,150000
5,5,13,2,1,1,2,1,2,2026-08-06 01:30:30.150614,4,true,100,4,1,15,100.230000,13.230000,2,200000,150000
5,5,13,2,1,1,2,1,8,2026-08-06 01:31:00.150614,4,false,100,6,10,6,100.230000,13.230000,2,200000,150000
5,5,13,2,1,1,2,1,8,2026-08-06 01:31:30.150614,4,false,100,7,7,8,100.230000,13.230000,2,200000,150000
5,5,13,2,1,1,2,1,2,2026-08-06 01:32:00.150614,4,true,100,1,11,0,100.230000,13.230000,2,200000,150000
5,5,13,2,1,1,2,1,2,2026-08-06 01:32:30.150614,4,true,100,12,18,9,100.230000,13.230000,2,200000,150000
5,5,13,2,1,1,2,1,2,2026-08-06 01:33:00.150614,4,true,100,3,2,4,100.230000,13.230000,2,200000,150000
5,5,13,2,1,1,2,1,2,2026-08-06 01:33:30.150614,4,true,100,10,9,3,100.230000,13.230000,2,200000,150000
5,5,13,2,1,1,2,1,2,2026-08-06 01:34:00.150614,4,true,100,17,11,6,100.230000,13.230000,2,200000,150000
5,5,13,2,1,1,2,1,2,2026-08-06 01:34:30.150614,4,true,100,17,0,15,100.230000,13.230000,2,200000,150000
5,5,13,2,1,1,2,1,2,2026-08-06 01:35:00.150614,4,true,100,6,9,7,100.230000,13.230000,2,200000,150000
5,5,13,2,1,1,2,1,2,2026-08-06 01:35:30.150614,4,true,100,20,10,17,100.230000,13.230000,2,200000,150000
5,5,13,2,1,1,2,1,2,2026-08-06 01:36:00.150614,4,true,100,18,9,13,100.230000,13.230000,2,200000,150000
5,5,13,2,1,1,2,1,2,2026-08-06 01:36:30.150614,4,true,100,3,6,7,100.230000,13.230000,2,200000,150000
5,5,13,2,1,1,2,1,2,2026-08-06 01:37:00.150614,4,true,100,16,7,12,100.230000,13.230000,2,200000,150000
5,5,13,2,1,1,2,1,2,2026-08-06 01:37:30.150614,4,true,100,13,1,15,100.230000,13.230000,2,200000,150000
5,5,13,2,1,1,2,1,2,2026-08-06 01:38:00.150614,4,true,100,17,3,18,100.230000,13.230000,2,200000,150000
5,5,13,2,1,1,2,1,8,2026-08-06 01:38:30.150614,4,false,100,8,7,5,100.230000,13.230000,2,200000,150000
5,5,13,2,1,1,2,1,2,2026-08-06 01:39:00.150614,4,false,100,6,7,17,100.230000,13.230000,2,200000,150000
5,5,13,2,1,1,2,1,2,2026-08-06 01:39:30.150614,4,true,100,19,8,12,100.230000,13.230000,2,200000,150000
5,5,13,2,1,1,2,1,2,2026-08-06 01:40:00.150614,4,true,100,5,2,2,100.230000,13.230000,2,200000,150000
5,5,13,2,1,1,2,1,2,2026-08-06 01:40:30.150614,4,false,100,13,1,10,100.230000,13.230000,2,200000,150000
5,5,13,2,1,1,2,1,2,2026-08-06 01:41:00.150614,4,true,100,19,14,8,100.230000,13.230000,2,200000,150000
5,5,13,2,1,1,2,1,2,2026-08-06 01:41:30.150614,4,true,100,0,18,14,100.230000,13.230000,2,200000,150000
5,5,13,2,1,1,2,1,2,2026-08-06 01:42:00.150614,4,true,100,4,18,14,100.230000,13.230000,2,200000,150000
5,5,13,2,1,1,2,1,2,2026-08-06 01:42:30.150614,4,true,100,1,6,16,100.230000,13.230000,2,200000,150000
5,5,13,2,1,1,2,1,2,2026-08-06 01:43:00.150614,4,false,100,3,6,20,100.230000,13.230000,2,200000,150000
5,5,13,2,1,1,2,1,8,2026-08-06 01:43:30.150614,4,false,100,3,11,16,100.230000,13.230000,2,200000,150000
5,5,13,2,1,1,2,1,2,2026-08-06 01:44:00.150614,4,true,100,5,6,12,100.230000,13.230000,2,200000,150000
5,5,13,2,1,1,2,1,8,2026-08-06 01:44:30.150614,4,false,100,17,6,4,100.230000,13.230000,2,200000,150000
5,5,13,2,1,1,2,1,2,2026-08-06 01:45:00.150614,4,true,100,4,2,6,100.230000,13.230000,2,200000,150000
5,5,13,2,1,1,2,1,2,2026-08-06 01:45:30.150614,4,true,100,2,4,7,100.230000,13.230000,2,200000,150000
5,5,13,2,1,1,2,1,2,2026-08-06 01:46:00.150614,4,true,100,10,0,10,100.230000,13.230000,2,200000,150000
5,5,13,2,1,1,2,1,2,2026-08-06 01:46:30.150614,4,true,100,7,20,0,100.230000,13.230000,2,200000,150000
5,5,13,2,1,1,2,1,2,2026-08-06 01:47:00.150614,4,false,100,11,14,16,100.230000,13.230000,2,200000,150000
5,5,13,2,1,1,2,1,2,2026-08-06 01:47:30.150614,4,true,100,5,17,9,100.230000,13.230000,2,200000,150000
5,5,13,2,1,1,2,1,2,2026-08-06 01:48:00.150614,4,true,100,18,12,17,100.230000,13.230000,2,200000,150000
5,5,13,2,1,1,2,1,2,2026-08-06 01:48:30.150614,4,true,100,14,20,16,100.230000,13.230000,2,200000,150000
5,5,13,2,1,1,2,1,2,2026-08-06 01:49:00.150614,4,true,100,4,19,15,100.230000,13.230000,2,200000,150000
5,5,13,2,1,1,2,1,2,2026-08-06 01:49:30.150614,4,true,100,15,9,14,100.230000,13.230000,2,200000,150000
5,5,13,2,1,1,2,1,2,2026-08-06 01:50:00.150614,4,true,100,3,18,19,100.230000,13.230000,2,200000,150000
5,5,13,2,1,1,2,1,2,2026-08-06 01:50:30.150614,4,true,100,17,11,14,100.230000,13.230000,2,200000,150000
5,5,13,2,1,1,2,1,2,2026-08-06 01:51:00.150614,4,true,100,2,5,12,100.230000,13.230000,2,200000,150000
5,5,13,2,1,1,2,1,8,2026-08-06 01:51:30.150614,4,false,100,17,19,0,100.230000,13.230000,2,200000,150000
5,5,13,2,1,1,2,1,2,2026-08-06 01:52:00.150614,4,true,100,9,12,3,100.230000,13.230000,2,200000,150000
5,5,13,2,1,1,2,1,2,2026-08-06 01:52:30.150614,4,true,100,2,18,17,100.230000,13.230000,2,200000,150000
5,5,13,2,1,1,2,1,2,2026-08-06 01:53:00.150614,4,true,100,17,4,17,100.230000,13.230000,2,200000,150000
5,5,13,2,1,1,2,1,2,2026-08-06 01:53:30.150614,4,true,100,15,5,8,100.230000,13.230000,2,200000,150000
5,5,13,2,1,1,2,1,2,2026-08-06 01:54:00.150614,4,true,100,9,15,14,100.230000,13.230000,2,200000,150000
5,5,13,2,1,1,2,1,8,2026-08-06 01:54:30.150614,4,false,100,10,18,2,100.230000,13.230000,2,200000,150000
5,5,13,2,1,1,2,1,2,2026-08-06 01:55:00.150614,4,true,100,20,15,6,100.230000,13.230000,2,200000,150000
5,5,13,2,1,1,2,1,2,2026-08-06 01:55:30.150614,4,false,100,11,12,7,100.230000,13.230000,2,200000,150000
5,5,13,2,1,1,2,1,2,2026-08-06 01:56:00.150614,4,true,100,3,17,4,100.230000,13.230000,2,200000,150000
5,5,13,2,1,1,2,1,2,2026-08-06 01:56:30.150614,4,true,100,10,16,18,100.230000,13.230000,2,200000,150000
5,5,13,2,1,1,2,1,2,2026-08-06 01:57:00.150614,4,true,100,11,13,14,100.230000,13.230000,2,200000,150000
5,5,13,2,1,1,2,1,2,2026-08-06 01:57:30.150614,4,true,100,1,18,9,100.230000,13.230000,2,200000,150000
5,5,13,2,1,1,2,1,2,2026-08-06 01:58:00.150614,4,true,100,3,8,2,100.230000,13.230000,2,200000,150000
5,5,13,2,1,1,2,1,2,2026-08-06 01:58:30.150614,4,true,100,11,7,7,100.230000,13.230000,2,200000,150000
5,5,13,2,1,1,2,1,2,2026-08-06 01:59:00.150614,4,true,100,17,3,19,100.230000,13.230000,2,200000,150000
5,5,13,2,1,1,2,1,2,2026-08-06 01:59:30.150614,4,true,100,4,3,16,100.230000,13.230000,2,200000,150000
5,5,13,2,1,1,2,1,2,2026-08-06 02:00:00.150614,4,true,100,9,18,19,100.230000,13.230000,2,200000,150000
5,5,13,2,1,1,2,1,2,2026-08-06 02:00:30.150614,4,true,100,8,10,15,100.230000,13.230000,2,200000,150000
5,5,13,2,1,1,2,1,8,2026-08-06 02:01:00.150614,4,false,100,13,0,14,100.230000,13.230000,2,200000,150000
5,5,13,2,1,1,2,1,2,2026-08-06 02:01:30.150614,4,true,100,10,14,20,100.230000,13.230000,2,200000,150000
5,5,13,2,1,1,2,1,2,2026-08-06 02:02:00.150614,4,true,100,7,19,18,100.230000,13.230000,2,200000,150000
5,5,13,2,1,1,2,1,2,2026-08-06 02:02:30.150614,4,true,100,6,4,1,100.230000,13.230000,2,200000,150000
5,5,13,2,1,1,2,1,2,2026-08-06 02:03:00.150614,4,true,100,1,19,3,100.230000,13.230000,2,200000,150000
5,5,13,2,1,1,2,1,8,2026-08-06 02:03:30.150614,4,false,100,9,12,8,100.230000,13.230000,2,200000,150000
5,5,13,2,1,1,2,1,2,2026-08-06 02:04:00.150614,4,true,100,7,8,19,100.230000,13.230000,2,200000,150000
5,5,13,2,1,1,2,1,2,2026-08-06 02:04:30.150614,4,true,100,20,0,14,100.230000,13.230000,2,200000,150000
5,5,13,2,1,1,2,1,2,2026-08-06 02:05:00.150614,4,true,100,7,1,8,100.230000,13.230000,2,200000,150000
5,5,13,2,1,1,2,1,2,2026-08-06 02:05:30.150614,4,true,100,10,7,5,100.230000,13.230000,2,200000,150000
5,5,13,2,1,1,2,1,8,2026-08-06 02:06:00.150614,4,false,100,12,1,16,100.230000,13.230000,2,200000,150000
5,5,13,2,1,1,2,1,2,2026-08-06 02:06:30.150614,4,true,100,2,18,19,100.230000,13.230000,2,200000,150000
5,5,13,2,1,1,2,1,2,2026-08-06 02:07:00.150614,4,true,100,7,10,15,100.230000,13.230000,2,200000,150000
5,5,13,2,1,1,2,1,2,2026-08-06 02:07:30.150614,4,true,100,7,14,12,100.230000,13.230000,2,200000,150000
5,5,13,2,1,1,2,1,2,2026-08-06 02:08:00.150614,4,true,100,6,17,16,100.230000,13.230000,2,200000,150000
5,5,13,2,1,1,2,1,2,2026-08-06 02:08:30.150614,4,true,100,20,0,5,100.230000,13.230000,2,200000,150000
5,5,13,2,1,1,2,1,2,2026-08-06 02:09:00.150614,4,true,100,0,7,16,100.230000,13.230000,2,200000,150000
5,5,13,2,1,1,2,1,8,2026-08-06 02:09:30.150614,4,false,100,3,5,7,100.230000,13.230000,2,200000,150000
5,5,13,2,1,1,2,1,2,2026-08-06 02:10:00.150614,4,true,100,5,6,18,100.230000,13.230000,2,200000,150000
5,5,13,2,1,1,2,1,2,2026-08-06 02:10:30.150614,4,true,100,20,2,11,100.230000,13.230000,2,200000,150000
5,5,13,2,1,1,2,1,2,2026-08-06 02:11:00.150614,4,true,100,8,5,12,100.230000,13.230000,2,200000,150000
5,5,13,2,1,1,2,1,2,2026-08-06 02:11:30.150614,4,true,100,6,2,14,100.230000,13.230000,2,200000,150000
5,5,13,2,1,1,2,1,2,2026-08-06 02:12:00.150614,4,true,100,5,15,9,100.230000,13.230000,2,200000,150000
5,5,13,2,1,1,2,1,2,2026-08-06 02:12:30.150614,4,true,100,3,13,18,100.230000,13.230000,2,200000,150000
5,5,13,2,1,1,2,1,2,2026-08-06 02:13:00.150614,4,true,100,16,20,20,100.230000,13.230000,2,200000,150000
5,5,13,2,1,1,2,1,2,2026-08-06 02:13:30.150614,4,true,100,6,3,3,100.230000,13.230000,2,200000,150000
5,5,13,2,1,1,2,1,2,2026-08-06 02:14:00.150614,4,true,100,8,2,4,100.230000,13.230000,2,200000,150000
5,5,13,2,1,1,2,1,2,2026-08-06 02:14:30.150614,4,true,100,10,8,1,100.230000,13.230000,2,200000,150000
5,5,13,2,1,1,2,1,2,2026-08-06 02:15:00.150614,4,true,100,20,8,17,100.230000,13.230000,2,200000,150000
5,5,13,2,1,1,2,1,2,2026-08-06 02:15:30.150614,4,true,100,19,9,11,100.230000,13.230000,2,200000,150000
5,5,13,2,1,1,2,1,8,2026-08-06 02:16:00.150614,4,false,100,14,17,10,100.230000,13.230000,2,200000,150000
5,5,13,2,1,1,2,1,2,2026-08-06 02:16:30.150614,4,true,100,15,3,20,100.230000,13.230000,2,200000,150000
5,5,13,2,1,1,2,1,2,2026-08-06 02:17:00.150614,4,false,100,7,13,15,100.230000,13.230000,2,200000,150000
5,5,13,2,1,1,2,1,2,2026-08-06 02:17:30.150614,4,false,100,1,7,11,100.230000,13.230000,2,200000,150000
5,5,13,2,1,1,2,1,2,2026-08-06 02:18:00.150614,4,true,100,11,9,6,100.230000,13.230000,2,200000,150000
5,5,13,2,1,1,2,1,2,2026-08-06 02:18:30.150614,4,true,100,16,13,2,100.230000,13.230000,2,200000,150000
5,5,13,2,1,1,2,1,2,2026-08-06 02:19:00.150614,4,true,100,9,10,4,100.230000,13.230000,2,200000,150000
5,5,13,2,1,1,2,1,2,2026-08-06 02:19:30.150614,4,true,100,11,18,20,100.230000,13.230000,2,200000,150000
5,5,13,2,1,1,2,1,2,2026-08-06 02:20:00.150614,4,true,100,2,8,13,100.230000,13.230000,2,200000,150000
5,5,13,2,1,1,2,1,2,2026-08-06 02:20:30.150614,4,true,100,8,12,14,100.230000,13.230000,2,200000,150000
5,5,13,2,1,1,2,1,2,2026-08-06 02:21:00.150614,4,true,100,11,8,14,100.230000,13.230000,2,200000,150000
5,5,13,2,1,1,2,1,2,2026-08-06 02:21:30.150614,4,true,100,4,1,1,100.230000,13.230000,2,200000,150000
5,5,13,2,1,1,2,1,2,2026-08-06 02:22:00.150614,4,true,100,11,1,12,100.230000,13.230000,2,200000,150000
5,5,13,2,1,1,2,1,2,2026-08-06 02:22:30.150614,4,true,100,12,6,1,100.230000,13.230000,2,200000,150000
5,5,13,2,1,1,2,1,2,2026-08-06 02:23:00.150614,4,true,100,19,1,20,100.230000,13.230000,2,200000,150000
5,5,13,2,1,1,2,1,2,2026-08-06 02:23:30.150614,4,true,100,7,14,16,100.230000,13.230000,2,200000,150000
5,5,13,2,1,1,2,1,2,2026-08-06 02:24:00.150614,4,true,100,12,2,16,100.230000,13.230000,2,200000,150000
5,5,13,2,1,1,2,1,2,2026-08-06 02:24:30.150614,4,true,100,8,16,7,100.230000,13.230000,2,200000,150000
5,5,13,2,1,1,2,1,2,2026-08-06 02:25:00.150614,4,true,100,2,6,4,100.230000,13.230000,2,200000,150000
5,5,13,2,1,1,2,1,2,2026-08-06 02:25:30.150614,4,true,100,5,1,19,100.230000,13.230000,2,200000,150000
5,5,13,2,1,1,2,1,2,2026-08-06 02:26:00.150614,4,true,100,16,7,7,100.230000,13.230000,2,200000,150000
5,5,13,2,1,1,2,1,2,2026-08-06 02:26:30.150614,4,true,100,14,4,15,100.230000,13.230000,2,200000,150000
5,5,13,2,1,1,2,1,8,2026-08-06 02:27:00.150614,4,false,100,13,1,4,100.230000,13.230000,2,200000,150000
5,5,13,2,1,1,2,1,8,2026-08-06 02:27:30.150614,4,false,100,1,12,4,100.230000,13.230000,2,200000,150000
5,5,13,2,1,1,2,1,2,2026-08-06 02:28:00.150614,4,true,100,10,0,18,100.230000,13.230000,2,200000,150000
5,5,13,2,1,1,2,1,2,2026-08-06 02:28:30.150614,4,true,100,1,16,0,100.230000,13.230000,2,200000,150000
5,5,13,2,1,1,2,1,2,2026-08-06 02:29:00.150614,4,true,100,1,8,6,100.230000,13.230000,2,200000,150000
5,5,13,2,1,1,2,1,2,2026-08-06 02:29:30.150614,4,true,100,5,3,18,100.230000,13.230000,2,200000,150000
5,5,13,2,1,1,2,1,2,2026-08-06 02:30:00.150614,4,true,100,4,19,20,100.230000,13.230000,2,200000,150000
5,5,13,2,1,1,2,1,2,2026-08-06 02:30:30.150614,4,true,100,13,13,13,100.230000,13.230000,2,200000,150000
5,5,13,2,1,1,2,1,2,2026-08-06 02:31:00.150614,4,true,100,13,15,9,100.230000,13.230000,2,200000,150000
5,5,13,2,1,1,2,1,2,2026-08-06 02:31:30.150614,4,true,100,19,10,0,100.230000,13.230000,2,200000,150000
5,5,13,2,1,1,2,1,2,2026-08-06 02:32:00.150614,4,true,100,10,5,6,100.230000,13.230000,2,200000,150000
5,5,13,2,1,1,2,1,2,2026-08-06 02:32:30.150614,4,true,100,4,3,19,100.230000,13.230000,2,200000,150000
5,5,13,2,1,1,2,1,2,2026-08-06 02:33:00.150614,4,false,100,10,18,16,100.230000,13.230000,2,200000,150000
5,5,13,2,1,1,2,1,8,2026-08-06 02:33:30.150614,4,false,100,18,5,9,100.230000,13.230000,2,200000,150000
5,5,13,2,1,1,2,1,2,2026-08-06 02:34:00.150614,4,true,100,13,16,9,100.230000,13.230000,2,200000,150000
5,5,13,2,1,1,2,1,2,2026-08-06 02:34:30.150614,4,true,100,14,6,16,100.230000,13.230000,2,200000,150000
5,5,13,2,1,1,2,1,2,2026-08-06 02:35:00.150614,4,true,100,3,10,6,100.230000,13.230000,2,200000,150000
5,5,13,2,1,1,2,1,2,2026-08-06 02:35:30.150614,4,false,100,5,1,5,100.230000,13.230000,2,200000,150000
5,5,13,2,1,1,2,1,2,2026-08-06 02:36:00.150614,4,true,100,17,17,18,100.230000,13.230000,2,200000,150000
5,5,13,2,1,1,2,1,2,2026-08-06 02:36:30.150614,4,true,100,18,10,11,100.230000,13.230000,2,200000,150000
5,5,13,2,1,1,2,1,8,2026-08-06 02:37:00.150614,4,false,100,4,1,2,100.230000,13.230000,2,200000,150000
5,5,13,2,1,1,2,1,2,2026-08-06 02:37:30.150614,4,true,100,5,12,3,100.230000,13.230000,2,200000,150000
5,5,13,2,1,1,2,1,2,2026-08-06 02:38:00.150614,4,false,100,14,19,0,100.230000,13.230000,2,200000,150000
5,5,13,2,1,1,2,1,2,2026-08-06 02:38:30.150614,4,true,100,20,5,12,100.230000,13.230000,2,200000,150000
5,5,13,2,1,1,2,1,2,2026-08-06 02:39:00.150614,4,true,100,1,10,11,100.230000,13.230000,2,200000,150000
5,5,13,2,1,1,2,1,2,2026-08-06 02:39:30.150614,4,true,100,5,10,14,100.230000,13.230000,2,200000,150000
5,5,13,2,1,1,2,1,2,2026-08-06 02:40:00.150614,4,true,100,18,9,14,100.230000,13.230000,2,200000,150000
5,5,13,2,1,1,2,1,2,2026-08-06 02:40:30.150614,4,false,100,6,12,2,100.230000,13.230000,2,200000,150000
5,5,13,2,1,1,2,1,2,2026-08-06 02:41:00.150614,4,true,100,14,14,1,100.230000,13.230000,2,200000,150000
5,5,13,2,1,1,2,1,2,2026-08-06 02:41:30.150614,4,true,100,8,4,16,100.230000,13.230000,2,200000,150000
5,5,13,2,1,1,2,1,2,2026-08-06 02:42:00.150614,4,true,100,18,1,18,100.230000,13.230000,2,200000,150000
5,5,13,2,1,1,2,1,2,2026-08-06 02:42:30.150614,4,false,100,9,15,9,100.230000,13.230000,2,200000,150000
5,5,13,2,1,1,2,1,2,2026-08-06 02:43:00.150614,4,true,100,16,13,9,100.230000,13.230000,2,200000,150000
5,5,13,2,1,1,2,1,2,2026-08-06 02:43:30.150614,4,false,100,17,3,20,100.230000,13.230000,2,200000,150000
5,5,13,2,1,1,2,1,2,2026-08-06 02:44:00.150614,4,true,100,19,12,14,100.230000,13.230000,2,200000,150000
5,5,13,2,1,1,2,1,2,2026-08-06 02:44:30.150614,4,false,100,8,18,6,100.230000,13.230000,2,200000,150000
5,5,13,2,1,1,2,1,2,2026-08-06 02:45:00.150614,4,true,100,14,16,13,100.230000,13.230000,2,200000,150000
5,5,13,2,1,1,2,1,2,2026-08-06 02:45:30.150614,4,true,100,0,3,18,100.230000,13.230000,2,200000,150000
5,5,13,2,1,1,2,1,2,2026-08-06 02:46:00.150614,4,true,100,16,3,4,100.230000,13.230000,2,200000,150000
5,5,13,2,1,1,2,1,2,2026-08-06 02:46:30.150614,4,true,100,15,16,20,100.230000,13.230000,2,200000,150000
5,5,13,2,1,1,2,1,2,2026-08-06 02:47:00.150614,4,true,100,3,15,11,100.230000,13.230000,2,200000,150000
5,5,13,2,1,1,2,1,2,2026-08-06 02:47:30.150614,4,true,100,1,4,2,100.230000,13.230000,2,200000,150000
5,5,13,2,1,1,2,1,2,2026-08-06 02:48:00.150614,4,true,100,2,12,11,100.230000,13.230000,2,200000,150000
5,5,13,2,1,1,2,1,2,2026-08-06 02:48:30.150614,4,true,100,5,14,9,100.230000,13.230000,2,200000,150000
5,5,13,2,1,1,2,1,8,2026-08-06 02:49:00.150614,4,false,100,3,11,3,100.230000,13.230000,2,200000,150000
5,5,13,2,1,1,2,1,2,2026-08-06 02:49:30.150614,4,true,100,10,11,11,100.230000,13.230000,2,200000,150000
5,5,13,2,1,1,2,1,8,2026-08-06 02:50:00.150614,4,false,100,7,14,5,100.230000,13.230000,2,200000,150000
5,5,13,2,1,1,2,1,2,2026-08-06 02:50:30.150614,4,true,100,6,15,17,100.230000,13.230000,2,200000,150000
5,5,13,2,1,1,2,1,2,2026-08-06 02:51:00.150614,4,true,100,17,20,11,100.230000,13.230000,2,200000,150000
5,5,13,2,1,1,2,1,2,2026-08-06 02:51:30.150614,4,false,100,2,0,16,100.230000,13.230000,2,200000,150000
5,5,13,2,1,1,2,1,2,2026-08-06 02:52:00.150614,4,true,100,12,19,18,100.230000,13.230000,2,200000,150000
5,5,13,2,1,1,2,1,2,2026-08-06 02:52:30.150614,4,true,100,16,5,2,100.230000,13.230000,2,200000,150000
5,5,13,2,1,1,2,1,2,2026-08-06 02:53:00.150614,4,true,100,3,19,19,100.230000,13.230000,2,200000,150000
5,5,13,2,1,1,2,1,2,2026-08-06 02:53:30.150614,4,true,100,17,6,16,100.230000,13.230000,2,200000,150000
5,5,13,2,1,1,2,1,8,2026-08-06 02:54:00.150614,4,false,100,9,2,12,100.230000,13.230000,2,200000,150000
5,5,13,2,1,1,2,1,2,2026-08-06 02:54:30.150614,4,false,100,11,18,10,100.230000,13.230000,2,200000,150000
5,5,13,2,1,1,2,1,2,2026-08-06 02:55:00.150614,4,true,100,13,15,5,100.230000,13.230000,2,200000,150000
5,5,13,2,1,1,2,1,2,2026-08-06 02:55:30.150614,4,true,100,15,20,5,100.230000,13.230000,2,200000,150000
5,5,13,2,1,1,2,1,2,2026-08-06 02:56:00.150614,4,false,100,15,14,18,100.230000,13.230000,2,200000,150000
5,5,13,2,1,1,2,1,2,2026-08-06 02:56:30.150614,4,true,100,15,8,15,100.230000,13.230000,2,200000,150000
5,5,13,2,1,1,2,1,2,2026-08-06 02:57:00.150614,4,true,100,16,17,13,100.230000,13.230000,2,200000,150000
5,5,13,2,1,1,2,1,2,2026-08-06 02:57:30.150614,4,true,100,18,12,15,100.230000,13.230000,2,200000,150000
5,5,13,2,1,1,2,1,2,2026-08-06 02:58:00.150614,4,true,100,15,13,17,100.230000,13.230000,2,200000,150000
5,5,13,2,1,1,2,1,2,2026-08-06 02:58:30.150614,4,false,100,18,17,1,100.230000,13.230000,2,200000,150000
5,5,13,2,1,1,2,1,8,2026-08-06 02:59:00.150614,4,false,100,10,11,15,100.230000,13.230000,2,200000,150000
5,5,13,2,1,1,2,1,2,2026-08-06 02:59:30.150614,4,true,100,14,16,7,100.230000,13.230000,2,200000,150000
5,5,13,2,1,1,2,1,8,2026-08-06 03:00:00.150614,4,false,100,5,0,6,100.230000,13.230000,2,200000,150000
5,5,13,2,1,1,2,1,8,2026-08-06 03:00:30.150614,4,false,100,2,18,2,100.230000,13.230000,2,200000,150000
5,5,13,2,1,1,2,1,2,2026-08-06 03:01:00.150614,4,true,100,12,2,10,100.230000,13.230000,2,200000,150000
5,5,13,2,1,1,2,1,2,2026-08-06 03:01:30.150614,4,true,100,16,6,2,100.230000,13.230000,2,200000,150000
5,5,13,2,1,1,2,1,2,2026-08-06 03:02:00.150614,4,true,100,6,19,19,100.230000,13.230000,2,200000,150000
5,5,13,2,1,1,2,1,2,2026-08-06 03:02:30.150614,4,true,100,3,6,13,100.230000,13.230000,2,200000,150000
5,5,13,2,1,1,2,1,2,2026-08-06 03:03:00.150614,4,true,100,15,20,6,100.230000,13.230000,2,200000,150000
5,5,13,2,1,1,2,1,2,2026-08-06 03:03:30.150614,4,true,100,7,2,8,100.230000,13.230000,2,200000,150000
5,5,13,2,1,1,2,1,2,2026-08-06 03:04:00.150614,4,true,100,4,12,13,100.230000,13.230000,2,200000,150000
5,5,13,2,1,1,2,1,2,2026-08-06 03:04:30.150614,4,true,100,18,1,14,100.230000,13.230000,2,200000,150000
5,5,13,2,1,1,2,1,2,2026-08-06 03:05:00.150614,4,true,100,20,17,12,100.230000,13.230000,2,200000,150000
5,5,13,2,1,1,2,1,2,2026-08-06 03:05:30.150614,4,true,100,11,17,4,100.230000,13.230000,2,200000,150000
5,5,13,2,1,1,2,1,8,2026-08-06 03:06:00.150614,4,false,100,4,19,7,100.230000,13.230000,2,200000,150000
5,5,13,2,1,1,2,1,2,2026-08-06 03:06:30.150614,4,true,100,20,13,16,100.230000,13.230000,2,200000,150000
5,5,13,2,1,1,2,1,2,2026-08-06 03:07:00.150614,4,true,100,10,17,2,100.230000,13.230000,2,200000,150000
5,5,13,2,1,1,2,1,2,2026-08-06 03:07:30.150614,4,false,100,17,19,14,100.230000,13.230000,2,200000,150000
5,5,13,2,1,1,2,1,2,2026-08-06 03:08:00.150614,4,true,100,3,10,4,100.230000,13.230000,2,200000,150000
5,5,13,2,1,1,2,1,2,2026-08-06 03:08:30.150614,4,true,100,13,16,14,100.230000,13.230000,2,200000,150000
5,5,13,2,1,1,2,1,8,2026-08-06 03:09:00.150614,4,false,100,7,9,5,100.230000,13.230000,2,200000,150000
5,5,13,2,1,1,2,1,2,2026-08-06 03:09:30.150614,4,false,100,5,16,2,100.230000,13.230000,2,200000,150000
5,5,13,2,1,1,2,1,2,2026-08-06 03:10:00.150614,4,true,100,12,13,19,100.230000,13.230000,2,200000,150000
5,5,13,2,1,1,2,1,2,2026-08-06 03:10:30.150614,4,false,100,17,13,3,100.230000,13.230000,2,200000,150000
5,5,13,2,1,1,2,1,2,2026-08-06 03:11:00.150614,4,true,100,5,8,11,100.230000,13.230000,2,200000,150000
5,5,13,2,1,1,2,1,2,2026-08-06 03:11:30.150614,4,true,100,4,13,8,100.230000,13.230000,2,200000,150000
5,5,13,2,1,1,2,1,2,2026-08-06 03:12:00.150614,4,true,100,14,5,1,100.230000,13.230000,2,200000,150000
5,5,13,2,1,1,2,1,2,2026-08-06 03:12:30.150614,4,true,100,0,15,0,100.230000,13.230000,2,200000,150000
5,5,13,2,1,1,2,1,2,2026-08-06 03:13:00.150614,4,true,100,10,10,13,100.230000,13.230000,2,200000,150000
5,5,13,2,1,1,2,1,2,2026-08-06 03:13:30.150614,4,true,100,0,19,18,100.230000,13.230000,2,200000,150000
5,5,13,2,1,1,2,1,8,2026-08-06 03:14:00.150614,4,false,100,3,4,17,100.230000,13.230000,2,200000,150000
5,5,13,2,1,1,2,1,2,2026-08-06 03:14:30.150614,4,true,100,14,18,12,100.230000,13.230000,2,200000,150000
5,5,13,2,1,1,2,1,2,2026-08-06 03:15:00.150614,4,true,100,0,9,18,100.230000,13.230000,2,200000,150000
5,5,13,2,1,1,2,1,2,2026-08-06 03:15:30.150614,4,true,100,16,18,19,100.230000,13.230000,2,200000,150000
5,5,13,2,1,1,2,1,2,2026-08-06 03:16:00.150614,4,true,100,2,12,20,100.230000,13.230000,2,200000,150000
5,5,13,2,1,1,2,1,2,2026-08-06 03:16:30.150614,4,true,100,10,15,0,100.230000,13.230000,2,200000,150000
5,5,13,2,1,1,2,1,2,2026-08-06 03:17:00.150614,4,true,100,4,1,4,100.230000,13.230000,2,200000,150000
5,5,13,2,1,1,2,1,2,2026-08-06 03:17:30.150614,4,true,100,5,19,1,100.230000,13.230000,2,200000,150000
5,5,13,2,1,1,2,1,2,2026-08-06 03:18:00.150614,4,true,100,9,5,8,100.230000,13.230000,2,200000,150000
5,5,13,2,1,1,2,1,2,2026-08-06 03:18:30.150614,4,true,100,11,11,10,100.230000,13.230000,2,200000,150000
5,5,13,2,1,1,2,1,2,2026-08-06 03:19:00.150614,4,true,100,14,16,5,100.230000,13.230000,2,200000,150000
5,5,13,2,1,1,2,1,2,2026-08-06 03:19:30.150614,4,true,100,7,14,3,100.230000,13.230000,2,200000,150000
5,5,13,2,1,1,2,1,2,2026-08-06 03:20:00.150614,4,true,100,13,4,18,100.230000,13.230000,2,200000,150000
5,5,13,2,1,1,2,1,2,2026-08-06 03:20:30.150614,4,true,100,4,1,14,100.230000,13.230000,2,200000,150000
5,5,13,2,1,1,2,1,2,2026-08-06 03:21:00.150614,4,true,100,19,3,8,100.230000,13.230000,2,200000,150000
5,5,13,2,1,1,2,1,2,2026-08-06 03:21:30.150614,4,true,100,16,14,3,100.230000,13.230000,2,200000,150000
5,5,13,2,1,1,2,1,2,2026-08-06 03:22:00.150614,4,true,100,5,4,11,100.230000,13.230000,2,200000,150000
5,5,13,2,1,1,2,1,2,2026-08-06 03:22:30.150614,4,false,100,19,9,16,100.230000,13.230000,2,200000,150000
5,5,13,2,1,1,2,1,2,2026-08-06 03:23:00.150614,4,true,100,9,18,10,100.230000,13.230000,2,200000,150000
5,5,13,2,1,1,2,1,2,2026-08-06 03:23:30.150614,4,true,100,16,20,16,100.230000,13.230000,2,200000,150000
5,5,13,2,1,1,2,1,2,2026-08-06 03:24:00.150614,4,true,100,12,13,4,100.230000,13.230000,2,200000,150000
5,5,13,2,1,1,2,1,8,2026-08-06 03:24:30.150614,4,false,100,2,6,0,100.230000,13.230000,2,200000,150000
5,5,13,2,1,1,2,1,2,2026-08-06 03:25:00.150614,4,true,100,8,5,10,100.230000,13.230000,2,200000,150000
5,5,13,2,1,1,2,1,2,2026-08-06 03:25:30.150614,4,false,100,14,19,4,100.230000,13.230000,2,200000,150000
5,5,13,2,1,1,2,1,2,2026-08-06 03:26:00.150614,4,true,100,19,14,1,100.230000,13.230000,2,200000,150000
5,5,13,2,1,1,2,1,2,2026-08-06 03:26:30.150614,4,true,100,18,20,20,100.230000,13.230000,2,200000,150000
5,5,13,2,1,1,2,1,2,2026-08-06 03:27:00.150614,4,false,100,3,20,13,100.230000,13.230000,2,200000,150000
5,5,13,2,1,1,2,1,2,2026-08-06 03:27:30.150614,4,true,100,13,0,18,100.230000,13.230000,2,200000,150000
5,5,13,2,1,1,2,1,2,2026-08-06 03:28:00.150614,4,false,100,18,14,17,100.230000,13.230000,2,200000,150000
5,5,13,2,1,1,2,1,8,2026-08-06 03:28:30.150614,4,false,100,17,20,3,100.230000,13.230000,2,200000,150000
5,5,13,2,1,1,2,1,2,2026-08-06 03:29:00.150614,4,true,100,4,8,16,100.230000,13.230000,2,200000,150000
5,5,13,2,1,1,2,1,2,2026-08-06 03:29:30.150614,4,true,100,11,11,4,100.230000,13.230000,2,200000,150000
5,5,13,2,1,1,2,1,2,2026-08-06 03:30:00.150614,4,true,100,10,10,10,100.230000,13.230000,2,200000,150000
5,5,13,2,1,1,2,1,2,2026-08-06 03:30:30.150614,4,true,100,10,5,12,100.230000,13.230000,2,200000,150000
5,5,13,2,1,1,2,1,2,2026-08-06 03:31:00.150614,4,true,100,11,10,3,100.230000,13.230000,2,200000,150000
5,5,13,2,1,1,2,1,2,2026-08-06 03:31:30.150614,4,true,100,18,15,3,100.230000,13.230000,2,200000,150000
5,5,13,2,1,1,2,1,2,2026-08-06 03:32:00.150614,4,true,100,12,10,2,100.230000,13.230000,2,200000,150000
5,5,13,2,1,1,2,1,2,2026-08-06 03:32:30.150614,4,true,100,9,20,12,100.230000,13.230000,2,200000,150000
5,5,13,2,1,1,2,1,2,2026-08-06 03:33:00.150614,4,true,100,10,11,12,100.230000,13.230000,2,200000,150000
5,5,13,2,1,1,2,1,8,2026-08-06 03:33:30.150614,4,false,100,0,16,2,100.230000,13.230000,2,200000,150000
5,5,13,2,1,1,2,1,2,2026-08-06 03:34:00.150614,4,true,100,4,11,1,100.230000,13.230000,2,200000,150000
5,5,13,2,1,1,2,1,2,2026-08-06 03:34:30.150614,4,true,100,10,9,19,100.230000,13.230000,2,200000,150000
5,5,13,2,1,1,2,1,2,2026-08-06 03:35:00.150614,4,true,100,20,1,13,100.230000,13.230000,2,200000,150000
5,5,13,2,1,1,2,1,2,2026-08-06 03:35:30.150614,4,false,100,8,9,0,100.230000,13.230000,2,200000,150000
5,5,13,2,1,1,2,1,2,2026-08-06 03:36:00.150614,4,true,100,19,12,12,100.230000,13.230000,2,200000,150000
5,5,13,2,1,1,2,1,2,2026-08-06 03:36:30.150614,4,false,100,1,6,0,100.230000,13.230000,2,200000,150000
5,5,13,2,1,1,2,1,2,2026-08-06 03:37:00.150614,4,true,100,9,3,18,100.230000,13.230000,2,200000,150000
5,5,13,2,1,1,2,1,2,2026-08-06 03:37:30.150614,4,true,100,20,3,18,100.230000,13.230000,2,200000,150000
5,5,13,2,1,1,2,1,2,2026-08-06 03:38:00.150614,4,true,100,16,9,15,100.230000,13.230000,2,200000,150000
5,5,13,2,1,1,2,1,2,2026-08-06 03:38:30.150614,4,true,100,0,1,13,100.230000,13.230000,2,200000,150000
5,5,13,2,1,1,2,1,2,2026-08-06 03:39:00.150614,4,true,100,18,6,4,100.230000,13.230000,2,200000,150000
5,5,13,2,1,1,2,1,2,2026-08-06 03:39:30.150614,4,true,100,6,17,17,100.230000,13.230000,2,200000,150000
5,5,13,2,1,1,2,1,2,2026-08-06 03:40:00.150614,4,true,100,11,16,14,100.230000,13.230000,2,200000,150000
5,5,13,2,1,1,2,1,2,2026-08-06 03:40:30.150614,4,true,100,7,6,17,100.230000,13.230000,2,200000,150000
5,5,13,2,1,1,2,1,2,2026-08-06 03:41:00.150614,4,true,100,5,0,1,100.230000,13.230000,2,200000,150000
5,5,13,2,1,1,2,1,2,2026-08-06 03:41:30.150614,4,true,100,0,20,19,100.230000,13.230000,2,200000,150000
5,5,13,2,1,1,2,1,2,2026-08-06 03:42:00.150614,4,true,100,11,19,9,100.230000,13.230000,2,200000,150000
5,5,13,2,1,1,2,1,2,2026-08-06 03:42:30.150614,4,true,100,6,17,2,100.230000,13.230000,2,200000,150000
5,5,13,2,1,1,2,1,2,2026-08-06 03:43:00.150614,4,false,100,11,2,19,100.230000,13.230000,2,200000,150000
5,5,13,2,1,1,2,1,2,2026-08-06 03:43:30.150614,4,true,100,5,1,0,100.230000,13.230000,2,200000,150000
5,5,13,2,1,1,2,1,8,2026-08-06 03:44:00.150614,4,false,100,3,6,11,100.230000,13.230000,2,200000,150000
5,5,13,2,1,1,2,1,8,2026-08-06 03:44:30.150614,4,false,100,14,16,6,100.230000,13.230000,2,200000,150000
5,5,13,2,1,1,2,1,2,2026-08-06 03:45:00.150614,4,true,100,17,1,8,100.230000,13.230000,2,200000,150000
5,5,13,2,1,1,2,1,2,2026-08-06 03:45:30.150614,4,true,100,4,6,6,100.230000,13.230000,2,200000,150000
5,5,13,2,1,1,2,1,2,2026-08-06 03:46:00.150614,4,true,100,8,9,0,100.230000,13.230000,2,200000,150000
5,5,13,2,1,1,2,1,2,2026-08-06 03:46:30.150614,4,false,100,6,13,19,100.230000,13.230000,2,200000,150000
5,5,13,2,1,1,2,1,2,2026-08-06 03:47:00.150614,4,true,100,4,6,10,100.230000,13.230000,2,200000,150000
5,5,13,2,1,1,2,1,2,2026-08-06 03:47:30.150614,4,true,100,19,6,12,100.230000,13.230000,2,200000,150000
5,5,13,2,1,1,2,1,2,2026-08-06 03:48:00.150614,4,true,100,11,20,8,100.230000,13.230000,2,200000,150000
5,5,13,2,1,1,2,1,8,2026-08-06 03:48:30.150614,4,false,100,18,14,19,100.230000,13.230000,2,200000,150000
5,5,13,2,1,1,2,1,2,2026-08-06 03:49:00.150614,4,false,100,4,17,9,100.230000,13.230000,2,200000,150000
5,5,13,2,1,1,2,1,2,2026-08-06 03:49:30.150614,4,true,100,12,4,20,100.230000,13.230000,2,200000,150000
5,5,13,2,1,1,2,1,2,2026-08-06 03:50:00.150614,4,true,100,11,16,4,100.230000,13.230000,2,200000,150000
5,5,13,2,1,1,2,1,2,2026-08-06 03:50:30.150614,4,true,100,0,20,13,100.230000,13.230000,2,200000,150000
5,5,13,2,1,1,2,1,2,2026-08-06 03:51:00.150614,4,true,100,3,11,6,100.230000,13.230000,2,200000,150000
5,5,13,2,1,1,2,1,2,2026-08-06 03:51:30.150614,4,true,100,18,4,11,100.230000,13.230000,2,200000,150000
5,5,13,2,1,1,2,1,2,2026-08-06 03:52:00.150614,4,true,100,19,13,13,100.230000,13.230000,2,200000,150000
5,5,13,2,1,1,2,1,8,2026-08-06 03:52:30.150614,4,false,100,7,4,19,100.230000,13.230000,2,200000,150000
5,5,13,2,1,1,2,1,2,2026-08-06 03:53:00.150614,4,false,100,7,2,5,100.230000,13.230000,2,200000,150000
5,5,13,2,1,1,2,1,2,2026-08-06 03:53:30.150614,4,true,100,0,11,5,100.230000,13.230000,2,200000,150000
5,5,13,2,1,1,2,1,2,2026-08-06 03:54:00.150614,4,true,100,5,4,18,100.230000,13.230000,2,200000,150000
5,5,13,2,1,1,2,1,2,2026-08-06 03:54:30.150614,4,true,100,20,15,2,100.230000,13.230000,2,200000,150000
5,5,13,2,1,1,2,1,2,2026-08-06 03:55:00.150614,4,true,100,4,3,9,100.230000,13.230000,2,200000,150000
5,5,13,2,1,1,2,1,2,2026-08-06 03:55:30.150614,4,true,100,7,5,10,100.230000,13.230000,2,200000,150000
5,5,13,2,1,1,2,1,2,2026-08-06 03:56:00.150614,4,true,100,0,4,9,100.230000,13.230000,2,200000,150000
5,5,13,2,1,1,2,1,2,2026-08-06 03:56:30.150614,4,true,100,14,9,20,100.230000,13.230000,2,200000,150000
5,5,13,2,1,1,2,1,2,2026-08-06 03:57:00.150614,4,true,100,17,7,11,100.230000,13.230000,2,200000,150000
5,5,13,2,1,1,2,1,2,2026-08-06 03:57:30.150614,4,true,100,10,16,8,100.230000,13.230000,2,200000,150000
5,5,13,2,1,1,2,1,2,2026-08-06 03:58:00.150614,4,true,100,3,18,11,100.230000,13.230000,2,200000,150000
5,5,13,2,1,1,2,1,2,2026-08-06 03:58:30.150614,4,true,100,2,1,9,100.230000,13.230000,2,200000,150000
5,5,13,2,1,1,2,1,2,2026-08-06 03:59:00.150614,4,true,100,12,14,5,100.230000,13.230000,2,200000,150000
5,5,13,2,1,1,2,1,2,2026-08-06 03:59:30.150614,4,true,100,4,0,2,100.230000,13.230000,2,200000,150000
5,5,13,2,1,1,2,1,2,2026-08-06 04:00:00.150614,4,true,100,17,1,5,100.230000,13.230000,2,200000,150000
5,5,13,2,1,1,2,1,2,2026-08-06 04:00:30.150614,4,true,100,10,18,18,100.230000,13.230000,2,200000,150000
5,5,13,2,1,1,2,1,2,2026-08-06 04:01:00.150614,4,true,100,12,1,5,100.230000,13.230000,2,200000,150000
5,5,13,2,1,1,2,1,2,2026-08-06 04:01:30.150614,4,true,100,15,3,8,100.230000,13.230000,2,200000,150000
5,5,13,2,1,1,2,1,2,2026-08-06 04:02:00.150614,4,false,100,0,11,12,100.230000,13.230000,2,200000,150000
5,5,13,2,1,1,2,1,2,2026-08-06 04:02:30.150614,4,true,100,12,9,6,100.230000,13.230000,2,200000,150000
5,5,13,2,1,1,2,1,2,2026-08-06 04:03:00.150614,4,false,100,15,1,7,100.230000,13.230000,2,200000,150000
5,5,13,2,1,1,2,1,2,2026-08-06 04:03:30.150614,4,true,100,15,13,17,100.230000,13.230000,2,200000,150000
5,5,13,2,1,1,2,1,2,2026-08-06 04:04:00.150614,4,true,100,3,5,1,100.230000,13.230000,2,200000,150000
5,5,13,2,1,1,2,1,2,2026-08-06 04:04:30.150614,4,true,100,5,4,16,100.230000,13.230000,2,200000,150000
5,5,13,2,1,1,2,1,2,2026-08-06 04:05:00.150614,4,true,100,8,5,10,100.230000,13.230000,2,200000,150000
5,5,13,2,1,1,2,1,2,2026-08-06 04:05:30.150614,4,false,100,12,15,4,100.230000,13.230000,2,200000,150000
5,5,13,2,1,1,2,1,2,2026-08-06 04:06:00.150614,4,true,100,9,10,14,100.230000,13.230000,2,200000,150000
5,5,13,2,1,1,2,1,2,2026-08-06 04:06:30.150614,4,true,100,8,8,11,100.230000,13.230000,2,200000,150000
5,5,13,2,1,1,2,1,2,2026-08-06 04:07:00.150614,4,true,100,8,4,13,100.230000,13.230000,2,200000,150000
5,5,13,2,1,1,2,1,2,2026-08-06 04:07:30.150614,4,true,100,16,13,19,100.230000,13.230000,2,200000,150000
5,5,13,2,1,1,2,1,2,2026-08-06 04:08:00.150614,4,true,100,16,17,19,100.230000,13.230000,2,200000,150000
5,5,13,2,1,1,2,1,2,2026-08-06 04:08:30.150614,4,true,100,8,8,6,100.230000,13.230000,2,200000,150000
5,5,13,2,1,1,2,1,2,2026-08-06 04:09:00.150614,4,true,100,17,6,2,100.230000,13.230000,2,200000,150000
5,5,13,2,1,1,2,1,2,2026-08-06 04:09:30.150614,4,true,100,13,8,3,100.230000,13.230000,2,200000,150000
5,5,13,2,1,1,2,1,2,2026-08-06 04:10:00.150614,4,true,100,19,14,5,100.230000,13.230000,2,200000,150000
5,5,13,2,1,1,2,1,2,2026-08-06 04:10:30.150614,4,true,100,19,19,18,100.230000,13.230000,2,200000,150000
5,5,13,2,1,1,2,1,2,2026-08-06 04:11:00.150614,4,true,100,14,1,17,100.230000,13.230000,2,200000,150000
5,5,13,2,1,1,2,1,2,2026-08-06 04:11:30.150614,4,true,100,9,18,13,100.230000,13.230000,2,200000,150000
5,5,13,2,1,1,2,1,2,2026-08-06 04:12:00.150614,4,true,100,17,4,8,100.230000,13.230000,2,200000,150000
5,5,13,2,1,1,2,1,2,2026-08-06 04:12:30.150614,4,true,100,14,18,4,100.230000,13.230000,2,200000,150000
5,5,13,2,1,1,2,1,2,2026-08-06 04:13:00.150614,4,true,100,7,5,2,100.230000,13.230000,2,200000,150000
5,5,13,2,1,1,2,1,2,2026-08-06 04:13:30.150614,4,true,100,9,10,20,100.230000,13.230000,2,200000,150000
5,5,13,2,1,1,2,1,2,2026-08-06 04:14:00.150614,4,true,100,14,11,2,100.230000,13.230000,2,200000,150000
5,5,13,2,1,1,2,1,2,2026-08-06 04:14:30.150614,4,true,100,7,4,6,100.230000,13.230000,2,200000,150000
5,5,13,2,1,1,2,1,2,2026-08-06 04:15:00.150614,4,true,100,3,12,2,100.230000,13.230000,2,200000,150000
5,5,13,2,1,1,2,1,2,2026-08-06 04:15:30.150614,4,true,100,18,1,8,100.230000,13.230000,2,200000,150000
5,5,13,2,1,1,2,1,2,2026-08-06 04:16:00.150614,4,true,100,3,13,3,100.230000,13.230000,2,200000,150000
5,5,13,2,1,1,2,1,2,2026-08-06 04:16:30.150614,4,true,100,7,7,4,100.230000,13.230000,2,200000,150000
5,5,13,2,1,1,2,1,2,2026-08-06 04:17:00.150614,4,true,100,1,2,14,100.230000,13.230000,2,200000,150000
5,5,13,2,1,1,2,1,2,2026-08-06 04:17:30.150614,4,true,100,16,1,14,100.230000,13.230000,2,200000,150000
5,5,13,2,1,1,2,1,2,2026-08-06 04:18:00.150614,4,true,100,17,8,20,100.230000,13.230000,2,200000,150000
5,5,13,2,1,1,2,1,2,2026-08-06 04:18:30.150614,4,true,100,20,20,0,100.230000,13.230000,2,200000,150000
5,5,13,2,1,1,2,1,2,2026-08-06 04:19:00.150614,4,true,100,1,9,16,100.230000,13.230000,2,200000,150000
5,5,13,2,1,1,2,1,2,2026-08-06 04:19:30.150614,4,true,100,20,20,12,100.230000,13.230000,2,200000,150000
5,5,13,2,1,1,2,1,2,2026-08-06 04:20:00.150614,4,true,100,18,20,5,100.230000,13.230000,2,200000,150000
5,5,13,2,1,1,2,1,2,2026-08-06 04:20:30.150614,4,true,100,4,1,5,100.230000,13.230000,2,200000,150000
5,5,13,2,1,1,2,1,2,2026-08-06 04:21:00.150614,4,true,100,1,13,17,100.230000,13.230000,2,200000,150000
5,5,13,2,1,1,2,1,2,2026-08-06 04:21:30.150614,4,false,100,17,12,6,100.230000,13.230000,2,200000,150000
5,5,13,2,1,1,2,1,2,2026-08-06 04:22:00.150614,4,true,100,3,1,3,100.230000,13.230000,2,200000,150000
5,5,13,2,1,1,2,1,2,2026-08-06 04:22:30.150614,4,true,100,11,3,4,100.230000,13.230000,2,200000,150000
5,5,13,2,1,1,2,1,8,2026-08-06 04:23:00.150614,4,false,100,12,4,14,100.230000,13.230000,2,200000,150000
5,5,13,2,1,1,2,1,2,2026-08-06 04:23:30.150614,4,true,100,3,17,18,100.230000,13.230000,2,200000,150000
5,5,13,2,1,1,2,1,2,2026-08-06 04:24:00.150614,4,false,100,8,13,11,100.230000,13.230000,2,200000,150000
5,5,13,2,1,1,2,1,2,2026-08-06 04:24:30.150614,4,true,100,6,11,8,100.230000,13.230000,2,200000,150000
5,5,13,2,1,1,2,1,2,2026-08-06 04:25:00.150614,4,true,100,9,4,8,100.230000,13.230000,2,200000,150000
5,5,13,2,1,1,2,1,2,2026-08-06 04:25:30.150614,4,false,100,14,2,9,100.230000,13.230000,2,200000,150000
5,5,13,2,1,1,2,1,2,2026-08-06 04:26:00.150614,4,false,100,18,18,14,100.230000,13.230000,2,200000,150000
5,5,13,2,1,1,2,1,2,2026-08-06 04:26:30.150614,4,true,100,8,8,4,100.230000,13.230000,2,200000,150000
5,5,13,2,1,1,2,1,2,2026-08-06 04:27:00.150614,4,true,100,11,20,13,100.230000,13.230000,2,200000,150000
5,5,13,2,1,1,2,1,2,2026-08-06 04:27:30.150614,4,true,100,7,11,1,100.230000,13.230000,2,200000,150000
5,5,13,2,1,1,2,1,2,2026-08-06 04:28:00.150614,4,true,100,5,8,17,100.230000,13.230000,2,200000,150000
5,5,13,2,1,1,2,1,2,2026-08-06 04:28:30.150614,4,true,100,2,14,6,100.230000,13.230000,2,200000,150000
5,5,13,2,1,1,2,1,2,2026-08-06 04:29:00.150614,4,false,100,20,16,8,100.230000,13.230000,2,200000,150000
5,5,13,2,1,1,2,1,2,2026-08-06 04:29:30.150614,4,true,100,11,20,14,100.230000,13.230000,2,200000,150000
5,5,13,2,1,1,2,1,8,2026-08-06 04:30:00.150614,4,false,100,19,1,14,100.230000,13.230000,2,200000,150000
5,5,13,2,1,1,2,1,2,2026-08-06 04:30:30.150614,4,true,100,2,14,6,100.230000,13.230000,2,200000,150000
5,5,13,2,1,1,2,1,2,2026-08-06 04:31:00.150614,4,true,100,18,11,7,100.230000,13.230000,2,200000,150000
5,5,13,2,1,1,2,1,2,2026-08-06 04:31:30.150614,4,true,100,4,18,13,100.230000,13.230000,2,200000,150000
5,5,13,2,1,1,2,1,2,2026-08-06 04:32:00.150614,4,false,100,5,12,5,100.230000,13.230000,2,200000,150000
5,5,13,2,1,1,2,1,2,2026-08-06 04:32:30.150614,4,true,100,7,5,0,100.230000,13.230000,2,200000,150000
5,5,13,2,1,1,2,1,8,2026-08-06 04:33:00.150614,4,false,100,10,1,19,100.230000,13.230000,2,200000,150000
5,5,13,2,1,1,2,1,2,2026-08-06 04:33:30.150614,4,true,100,16,4,4,100.230000,13.230000,2,200000,150000
5,5,13,2,1,1,2,1,2,2026-08-06 04:34:00.150614,4,true,100,3,3,17,100.230000,13.230000,2,200000,150000
5,5,13,2,1,1,2,1,2,2026-08-06 04:34:30.150614,4,true,100,14,9,5,100.230000,13.230000,2,200000,150000
5,5,13,2,1,1,2,1,2,2026-08-06 04:35:00.150614,4,false,100,4,12,19,100.230000,13.230000,2,200000,150000
5,5,13,2,1,1,2,1,2,2026-08-06 04:35:30.150614,4,true,100,8,6,19,100.230000,13.230000,2,200000,150000
5,5,13,2,1,1,2,1,2,2026-08-06 04:36:00.150614,4,true,100,1,4,17,100.230000,13.230000,2,200000,150000
5,5,13,2,1,1,2,1,2,2026-08-06 04:36:30.150614,4,true,100,18,15,4,100.230000,13.230000,2,200000,150000
5,5,13,2,1,1,2,1,8,2026-08-06 04:37:00.150614,4,false,100,20,18,8,100.230000,13.230000,2,200000,150000
5,5,13,2,1,1,2,1,2,2026-08-06 04:37:30.150614,4,true,100,14,19,9,100.230000,13.230000,2,200000,150000
5,5,13,2,1,1,2,1,2,2026-08-06 04:38:00.150614,4,true,100,7,16,9,100.230000,13.230000,2,200000,150000
5,5,13,2,1,1,2,1,2,2026-08-06 04:38:30.150614,4,true,100,14,12,5,100.230000,13.230000,2,200000,150000
5,5,13,2,1,1,2,1,2,2026-08-06 04:39:00.150614,4,true,100,16,19,1,100.230000,13.230000,2,200000,150000
5,5,13,2,1,1,2,1,2,2026-08-06 04:39:30.150614,4,false,100,15,13,9,100.230000,13.230000,2,200000,150000
5,5,13,2,1,1,2,1,2,2026-08-06 04:40:00.150614,4,true,100,20,17,7,100.230000,13.230000,2,200000,150000
5,5,13,2,1,1,2,1,2,2026-08-06 04:40:30.150614,4,true,100,0,10,0,100.230000,13.230000,2,200000,150000
5,5,13,2,1,1,2,1,2,2026-08-06 04:41:00.150614,4,true,100,14,17,10,100.230000,13.230000,2,200000,150000
5,5,13,2,1,1,2,1,2,2026-08-06 04:41:30.150614,4,true,100,17,11,5,100.230000,13.230000,2,200000,150000
5,5,13,2,1,1,2,1,2,2026-08-06 04:42:00.150614,4,true,100,16,6,3,100.230000,13.230000,2,200000,150000
5,5,13,2,1,1,2,1,2,2026-08-06 04:42:30.150614,4,true,100,15,6,13,100.230000,13.230000,2,200000,150000
5,5,13,2,1,1,2,1,2,2026-08-06 04:43:00.150614,4,true,100,9,6,19,100.230000,13.230000,2,200000,150000
5,5,13,2,1,1,2,1,2,2026-08-06 04:43:30.150614,4,true,100,17,17,3,100.230000,13.230000,2,200000,150000
5,5,13,2,1,1,2,1,2,2026-08-06 04:44:00.150614,4,true,100,1,10,13,100.230000,13.230000,2,200000,150000
5,5,13,2,1,1,2,1,8,2026-08-06 04:44:30.150614,4,false,100,14,19,3,100.230000,13.230000,2,200000,150000
5,5,13,2,1,1,2,1,2,2026-08-06 04:45:00.150614,4,true,100,19,15,16,100.230000,13.230000,2,200000,150000
5,5,13,2,1,1,2,1,2,2026-08-06 04:45:30.150614,4,true,100,8,11,15,100.230000,13.230000,2,200000,150000
5,5,13,2,1,1,2,1,2,2026-08-06 04:46:00.150614,4,true,100,1,17,3,100.230000,13.230000,2,200000,150000
5,5,13,2,1,1,2,1,2,2026-08-06 04:46:30.150614,4,true,100,17,7,3,100.230000,13.230000,2,200000,150000
5,5,13,2,1,1,2,1,2,2026-08-06 04:47:00.150614,4,true,100,8,3,2,100.230000,13.230000,2,200000,150000
5,5,13,2,1,1,2,1,2,2026-08-06 04:47:30.150614,4,true,100,20,10,0,100.230000,13.230000,2,200000,150000
5,5,13,2,1,1,2,1,2,2026-08-06 04:48:00.150614,4,true,100,15,11,20,100.230000,13.230000,2,200000,150000
5,5,13,2,1,1,2,1,2,2026-08-06 04:48:30.150614,4,true,100,17,20,12,100.230000,13.230000,2,200000,150000
5,5,13,2,1,1,2,1,2,2026-08-06 04:49:00.150614,4,true,100,9,1,14,100.230000,13.230000,2,200000,150000
5,5,13,2,1,1,2,1,2,2026-08-06 04:49:30.150614,4,false,100,5,12,13,100.230000,13.230000,2,200000,150000
5,5,13,2,1,1,2,1,2,2026-08-06 04:50:00.150614,4,true,100,6,8,5,100.230000,13.230000,2,200000,150000
5,5,13,2,1,1,2,1,2,2026-08-06 04:50:30.150614,4,false,100,7,15,12,100.230000,13.230000,2,200000,150000
5,5,13,2,1,1,2,1,8,2026-08-06 04:51:00.150614,4,false,100,20,16,0,100.230000,13.230000,2,200000,150000
5,5,13,2,1,1,2,1,2,2026-08-06 04:51:30.150614,4,true,100,8,9,13,100.230000,13.230000,2,200000,150000
5,5,13,2,1,1,2,1,2,2026-08-06 04:52:00.150614,4,false,100,3,14,17,100.230000,13.230000,2,200000,150000
5,5,13,2,1,1,2,1,2,2026-08-06 04:52:30.150614,4,true,100,14,12,16,100.230000,13.230000,2,200000,150000
5,5,13,2,1,1,2,1,2,2026-08-06 04:53:00.150614,4,true,100,12,3,9,100.230000,13.230000,2,200000,150000
5,5,13,2,1,1,2,1,2,2026-08-06 04:53:30.150614,4,true,100,17,0,14,100.230000,13.230000,2,200000,150000
5,5,13,2,1,1,2,1,2,2026-08-06 04:54:00.150614,4,true,100,15,18,5,100.230000,13.230000,2,200000,150000
5,5,13,2,1,1,2,1,2,2026-08-06 04:54:30.150614,4,false,100,20,5,3,100.230000,13.230000,2,200000,150000
5,5,13,2,1,1,2,1,2,2026-08-06 04:55:00.150614,4,true,100,4,8,12,100.230000,13.230000,2,200000,150000
5,5,13,2,1,1,2,1,2,2026-08-06 04:55:30.150614,4,true,100,12,19,3,100.230000,13.230000,2,200000,150000
5,5,13,2,1,1,2,1,2,2026-08-06 04:56:00.150614,4,true,100,4,20,9,100.230000,13.230000,2,200000,150000
5,5,13,2,1,1,2,1,2,2026-08-06 04:56:30.150614,4,true,100,11,16,13,100.230000,13.230000,2,200000,150000
5,5,13,2,1,1,2,1,2,2026-08-06 04:57:00.150614,4,true,100,17,16,11,100.230000,13.230000,2,200000,150000
5,5,13,2,1,1,2,1,2,2026-08-06 04:57:30.150614,4,true,100,0,18,7,100.230000,13.230000,2,200000,150000
5,5,13,2,1,1,2,1,2,2026-08-06 04:58:00.150614,4,true,100,19,12,15,100.230000,13.230000,2,200000,150000
5,5,13,2,1,1,2,1,2,2026-08-06 04:58:30.150614,4,true,100,12,8,9,100.230000,13.230000,2,200000,150000
5,5,13,2,1,1,2,1,2,2026-08-06 04:59:00.150614,4,true,100,7,6,17,100.230000,13.230000,2,200000,150000
5,5,13,,,,,,,2026-08-06 04:59:30.150614,,true,100,6,18,6,,,2,200000,150000
5,5,13,,,,,,,2026-08-06 05:00:00.150614,,true,100,15,1,0,,,2,200000,150000
5,5,13,,,,,,,2026-08-06 05:00:30.150614,,true,100,16,8,3,,,2,200000,150000
5,5,13,,,,,,,2026-08-06 05:01:00.150614,,true,100,20,0,10,,,2,200000,150000
5,5,13,,,,,,,2026-08-06 05:01:30.150614,,true,100,17,10,18,,,2,200000,150000
5,5,13,,,,,,,2026-08-06 05:02:00.150614,,true,100,6,15,7,,,2,200000,150000
5,5,13,,,,,,,2026-08-06 05:02:30.150614,,true,100,17,1,14,,,2,200000,150000
5,5,13,,,,,,,2026-08-06 05:03:00.150614,,true,100,12,16,14,,,2,200000,150000
5,5,13,,,,,,,2026-08-06 05:03:30.150614,,true,100,4,1,14,,,2,200000,150000
5,5,13,,,,,,,2026-08-06 05:04:00.150614,,true,100,16,15,9,,,2,200000,150000
5,5,13,,,,,,,2026-08-06 05:04:30.150614,,true,100,11,2,8,,,2,200000,150000
5,5,13,,,,,,,2026-08-06 05:05:00.150614,,true,100,15,14,19,,,2,200000,150000
5,5,13,,,,,,,2026-08-06 05:05:30.150614,,true,100,1,0,13,,,2,200000,150000
5,5,13,,,,,,,2026-08-06 05:06:00.150614,,true,100,3,10,17,,,2,200000,150000
5,5,13,,,,,,,2026-08-06 05:06:30.150614,,true,100,13,7,2,,,2,200000,150000
5,5,13,,,,,,,2026-08-06 05:07:00.150614,,true,100,13,7,20,,,2,200000,150000
5,5,13,,,,,,,2026-08-06 05:07:30.150614,,true,100,5,18,6,,,2,200000,150000
5,5,13,,,,,,,2026-08-06 05:08:00.150614,,true,100,18,20,10,,,2,200000,150000
5,5,13,,,,,,,2026-08-06 05:08:30.150614,,true,100,2,0,7,,,2,200000,150000
5,5,13,,,,,,,2026-08-06 05:09:00.150614,,true,100,10,6,2,,,2,200000,150000
5,5,13,,,,,,,2026-08-06 05:09:30.150614,,true,100,10,15,9,,,2,200000,150000
5,5,13,,,,,,,2026-08-06 05:10:00.150614,,true,100,8,7,7,,,2,200000,150000
5,5,13,,,,,,,2026-08-06 05:10:30.150614,,true,100,20,20,9,,,2,200000,150000
5,5,13,,,,,,,2026-08-06 05:11:00.150614,,true,100,11,20,10,,,2,200000,150000
5,5,13,,,,,,,2026-08-06 05:11:30.150614,,true,100,20,18,4,,,2,200000,150000
5,5,13,,,,,,,2026-08-06 05:12:00.150614,,true,100,15,12,5,,,2,200000,150000
5,5,13,,,,,,,2026-08-06 05:12:30.150614,,true,100,0,17,5,,,2,200000,150000
5,5,13,,,,,,,2026-08-06 05:13:00.150614,,true,100,12,20,5,,,2,200000,150000
5,5,13,,,,,,,2026-08-06 05:13:30.150614,,true,100,0,4,10,,,2,200000,150000
5,5,13,,,,,,,2026-08-06 05:14:00.150614,,true,100,3,1,6,,,2,200000,150000
5,5,13,,,,,,,2026-08-06 05:14:30.150614,,true,100,0,9,14,,,2,200000,150000
5,5,13,,,,,,,2026-08-06 05:15:00.150614,,true,100,2,3,1,,,2,200000,150000
5,5,13,,,,,,,2026-08-06 05:15:30.150614,,true,100,14,14,11,,,2,200000,150000
5,5,13,,,,,,,2026-08-06 05:16:00.150614,,true,100,17,14,10,,,2,200000,150000
5,5,13,,,,,,,2026-08-06 05:16:30.150614,,true,100,16,12,4,,,2,200000,150000
5,5,13,,,,,,,2026-08-06 05:17:00.150614,,true,100,15,1,20,,,2,200000,150000
5,5,13,,,,,,,2026-08-06 05:17:30.150614,,true,100,18,14,20,,,2,200000,150000
5,5,13,,,,,,,2026-08-06 05:18:00.150614,,true,100,2,9,14,,,2,200000,150000
5,5,13,,,,,,,2026-08-06 05:18:30.150614,,true,100,20,17,10,,,2,200000,150000
5,5,13,,,,,,,2026-08-06 05:19:00.150614,,true,100,19,17,14,,,2,200000,150000
5,5,13,,,,,,,2026-08-06 05:19:30.150614,,true,100,9,8,0,,,2,200000,150000
5,5,13,,,,,,,2026-08-06 05:20:00.150614,,true,100,0,12,18,,,2,200000,150000
5,5,13,,,,,,,2026-08-06 05:20:30.150614,,true,100,5,6,2,,,2,200000,150000
5,5,13,,,,,,,2026-08-06 05:21:00.150614,,true,100,16,14,14,,,2,200000,150000
5,5,13,,,,,,,2026-08-06 05:21:30.150614,,true,100,11,8,8,,,2,200000,150000
5,5,13,,,,,,,2026-08-06 05:22:00.150614,,true,100,12,1,19,,,2,200000,150000
5,5,13,,,,,,,2026-08-06 05:22:30.150614,,true,100,4,12,9,,,2,200000,150000
5,5,13,,,,,,,2026-08-06 05:23:00.150614,,true,100,17,7,15,,,2,200000,150000
5,5,13,,,,,,,2026-08-06 05:23:30.150614,,true,100,5,17,18,,,2,200000,150000
5,5,13,,,,,,,2026-08-06 05:24:00.150614,,true,100,8,17,0,,,2,200000,150000
5,5,13,,,,,,,2026-08-06 05:24:30.150614,,true,100,6,3,16,,,2,200000,150000
5,5,13,,,,,,,2026-08-06 05:25:00.150614,,true,100,14,10,5,,,2,200000,150000
5,5,13,,,,,,,2026-08-06 05:25:30.150614,,true,100,18,6,17,,,2,200000,150000
5,5,13,,,,,,,2026-08-06 05:26:00.150614,,true,100,3,6,19,,,2,200000,150000
5,5,13,,,,,,,2026-08-06 05:26:30.150614,,true,100,5,15,19,,,2,200000,150000
5,5,13,,,,,,,2026-08-06 05:27:00.150614,,true,100,11,8,16,,,2,200000,150000
5,5,13,,,,,,,2026-08-06 05:27:30.150614,,true,100,3,6,13,,,2,200000,150000
5,5,13,,,,,,,2026-08-06 05:28:00.150614,,true,100,15,5,7,,,2,200000,150000
5,5,13,,,,,,,2026-08-06 05:28:30.150614,,true,100,14,2,15,,,2,200000,150000
5,5,13,,,,,,,2026-08-06 05:29:00.150614,,true,100,2,0,4,,,2,200000,150000
5,5,13,,,,,,,2026-08-06 05:29:30.150614,,true,100,1,17,15,,,2,200000,150000
5,5,13,,,,,,,2026-08-06 05:30:00.150614,,true,100,17,18,17,,,2,200000,150000
5,5,13,,,,,,,2026-08-06 05:30:30.150614,,true,100,0,10,4,,,2,200000,150000
5,5,13,,,,,,,2026-08-06 05:31:00.150614,,true,100,0,14,18,,,2,200000,150000
5,5,13,,,,,,,2026-08-06 05:31:30.150614,,true,100,15,9,0,,,2,200000,150000
5,5,13,,,,,,,2026-08-06 05:32:00.150614,,true,100,16,10,11,,,2,200000,150000
5,5,13,,,,,,,2026-08-06 05:32:30.150614,,true,100,6,15,6,,,2,200000,150000
5,5,13,,,,,,,2026-08-06 05:33:00.150614,,true,100,15,12,14,,,2,200000,150000
5,5,13,,,,,,,2026-08-06 05:33:30.150614,,true,100,20,19,1,,,2,200000,150000
5,5,13,,,,,,,2026-08-06 05:34:00.150614,,true,100,14,0,20,,,2,200000,150000
5,5,13,,,,,,,2026-08-06 05:34:30.150614,,true,100,15,5,4,,,2,200000,150000
5,5,13,,,,,,,2026-08-06 05:35:00.150614,,true,100,2,10,17,,,2,200000,150000
5,5,13,,,,,,,2026-08-06 05:35:30.150614,,true,100,1,20,0,,,2,200000,150000
5,5,13,,,,,,,2026-08-06 05:36:00.150614,,true,100,17,11,18,,,2,200000,150000
5,5,13,,,,,,,2026-08-06 05:36:30.150614,,true,100,3,6,2,,,2,200000,150000
5,5,13,,,,,,,2026-08-06 05:37:00.150614,,true,100,5,10,12,,,2,200000,150000
5,5,13,,,,,,,2026-08-06 05:37:30.150614,,true,100,3,17,11,,,2,200000,150000
5,5,13,,,,,,,2026-08-06 05:38:00.150614,,true,100,12,1,2,,,2,200000,150000
5,5,13,,,,,,,2026-08-06 05:38:30.150614,,true,100,19,8,3,,,2,200000,150000
5,5,13,,,,,,,2026-08-06 05:39:00.150614,,true,100,1,20,16,,,2,200000,150000
5,5,13,,,,,,,2026-08-06 05:39:30.150614,,true,100,15,8,6,,,2,200000,150000
5,5,13,,,,,,,2026-08-06 05:40:00.150614,,true,100,15,5,19,,,2,200000,150000
5,5,13,,,,,,,2026-08-06 05:40:30.150614,,true,100,16,2,4,,,2,200000,150000
5,5,13,,,,,,,2026-08-06 05:41:00.150614,,true,100,3,10,4,,,2,200000,150000
5,5,13,,,,,,,2026-08-06 05:41:30.150614,,true,100,6,11,9,,,2,200000,150000
5,5,13,,,,,,,2026-08-06 05:42:00.150614,,true,100,16,10,6,,,2,200000,150000
5,5,13,,,,,,,2026-08-06 05:42:30.150614,,true,100,19,4,5,,,2,200000,150000
5,5,13,,,,,,,2026-08-06 05:43:00.150614,,true,100,3,3,1,,,2,200000,150000
5,5,13,,,,,,,2026-08-06 05:43:30.150614,,true,100,4,17,18,,,2,200000,150000
5,5,13,,,,,,,2026-08-06 05:44:00.150614,,true,100,3,10,12,,,2,200000,150000
5,5,13,,,,,,,2026-08-06 05:44:30.150614,,true,100,14,7,20,,,2,200000,150000
5,5,13,,,,,,,2026-08-06 05:45:00.150614,,true,100,17,14,11,,,2,200000,150000
5,5,13,,,,,,,2026-08-06 05:45:30.150614,,true,100,7,4,3,,,2,200000,150000
5,5,13,,,,,,,2026-08-06 05:46:00.150614,,true,100,19,8,15,,,2,200000,150000
5,5,13,,,,,,,2026-08-06 05:46:30.150614,,true,100,1,13,15,,,2,200000,150000
5,5,13,,,,,,,2026-08-06 05:47:00.150614,,true,100,18,4,7,,,2,200000,150000
5,5,13,,,,,,,2026-08-06 05:47:30.150614,,true,100,15,11,13,,,2,200000,150000
5,5,13,,,,,,,2026-08-06 05:48:00.150614,,true,100,7,16,5,,,2,200000,150000
5,5,13,,,,,,,2026-08-06 05:48:30.150614,,true,100,3,8,0,,,2,200000,150000
5,5,13,,,,,,,2026-08-06 05:49:00.150614,,true,100,10,7,0,,,2,200000,150000
5,5,13,,,,,,,2026-08-06 05:49:30.150614,,true,100,17,20,18,,,2,200000,150000
5,5,13,,,,,,,2026-08-06 05:50:00.150614,,true,100,20,20,3,,,2,200000,150000
5,5,13,,,,,,,2026-08-06 05:50:30.150614,,true,100,6,0,2,,,2,200000,150000
5,5,13,,,,,,,2026-08-06 05:51:00.150614,,true,100,16,6,6,,,2,200000,150000
5,5,13,,,,,,,2026-08-06 05:51:30.150614,,true,100,15,17,9,,,2,200000,150000
5,5,13,,,,,,,2026-08-06 05:52:00.150614,,true,100,6,14,15,,,2,200000,150000
5,5,13,,,,,,,2026-08-06 05:52:30.150614,,true,100,18,5,9,,,2,200000,150000
5,5,13,,,,,,,2026-08-06 05:53:00.150614,,true,100,15,17,0,,,2,200000,150000
5,5,13,,,,,,,2026-08-06 05:53:30.150614,,true,100,20,5,7,,,2,200000,150000
5,5,13,,,,,,,2026-08-06 05:54:00.150614,,true,100,9,11,19,,,2,200000,150000
5,5,13,,,,,,,2026-08-06 05:54:30.150614,,true,100,13,5,4,,,2,200000,150000
5,5,13,,,,,,,2026-08-06 05:55:00.150614,,true,100,14,3,14,,,2,200000,150000
5,5,13,,,,,,,2026-08-06 05:55:30.150614,,true,100,19,13,14,,,2,200000,150000
5,5,13,,,,,,,2026-08-06 05:56:00.150614,,true,100,14,1,19,,,2,200000,150000
5,5,13,,,,,,,2026-08-06 05:56:30.150614,,true,100,11,19,15,,,2,200000,150000
5,5,13,,,,,,,2026-08-06 05:57:00.150614,,true,100,17,4,13,,,2,200000,150000
5,5,13,,,,,,,2026-08-06 05:57:30.150614,,true,100,2,13,3,,,2,200000,150000
5,5,13,,,,,,,2026-08-06 05:58:00.150614,,true,100,14,6,19,,,2,200000,150000
5,5,13,,,,,,,2026-08-06 05:58:30.150614,,true,100,0,1,1,,,2,200000,150000
5,5,13,,,,,,,2026-08-06 05:59:00.150614,,true,100,15,18,11,,,2,200000,150000
5,5,13,,,,,,,2026-08-06 05:59:30.150614,,true,100,6,14,2,,,2,200000,150000
5,5,13,,,,,,,2026-08-06 06:00:00.150614,,true,100,5,15,11,,,2,200000,150000
5,5,13,,,,,,,2026-08-06 06:00:30.150614,,true,100,2,6,18,,,2,200000,150000
5,5,13,,,,,,,2026-08-06 06:01:00.150614,,true,100,15,12,6,,,2,200000,150000
5,5,13,,,,,,,2026-08-06 06:01:30.150614,,true,100,15,8,0,,,2,200000,150000
5,5,13,,,,,,,2026-08-06 06:02:00.150614,,true,100,0,17,3,,,2,200000,150000
5,5,13,,,,,,,2026-08-06 06:02:30.150614,,true,100,9,6,7,,,2,200000,150000
5,5,13,,,,,,,2026-08-06 06:03:00.150614,,true,100,0,5,20,,,2,200000,150000
5,5,13,,,,,,,2026-08-06 06:03:30.150614,,true,100,2,10,12,,,2,200000,150000
5,5,13,,,,,,,2026-08-06 06:04:00.150614,,true,100,6,20,14,,,2,200000,150000
5,5,13,,,,,,,2026-08-06 06:04:30.150614,,true,100,1,5,16,,,2,200000,150000
5,5,13,,,,,,,2026-08-06 06:05:00.150614,,true,100,18,20,16,,,2,200000,150000
5,5,13,,,,,,,2026-08-06 06:05:30.150614,,true,100,9,13,10,,,2,200000,150000
5,5,13,,,,,,,2026-08-06 06:06:00.150614,,true,100,1,20,5,,,2,200000,150000
5,5,13,,,,,,,2026-08-06 06:06:30.150614,,true,100,6,20,5,,,2,200000,150000
5,5,13,,,,,,,2026-08-06 06:07:00.150614,,true,100,4,20,7,,,2,200000,150000
5,5,13,,,,,,,2026-08-06 06:07:30.150614,,true,100,12,0,16,,,2,200000,150000
5,5,13,,,,,,,2026-08-06 06:08:00.150614,,true,100,17,20,1,,,2,200000,150000
5,5,13,,,,,,,2026-08-06 06:08:30.150614,,true,100,5,0,6,,,2,200000,150000
5,5,13,,,,,,,2026-08-06 06:09:00.150614,,true,100,9,20,20,,,2,200000,150000
5,5,13,,,,,,,2026-08-06 06:09:30.150614,,true,100,2,6,3,,,2,200000,150000
5,5,13,,,,,,,2026-08-06 06:10:00.150614,,true,100,5,3,2,,,2,200000,150000
5,5,13,,,,,,,2026-08-06 06:10:30.150614,,true,100,17,12,4,,,2,200000,150000
5,5,13,,,,,,,2026-08-06 06:11:00.150614,,true,100,11,5,3,,,2,200000,150000
5,5,13,,,,,,,2026-08-06 06:11:30.150614,,true,100,20,17,5,,,2,200000,150000
5,5,13,,,,,,,2026-08-06 06:12:00.150614,,true,100,2,18,13,,,2,200000,150000
5,5,13,,,,,,,2026-08-06 06:12:30.150614,,true,100,12,15,16,,,2,200000,150000
5,5,13,,,,,,,2026-08-06 06:13:00.150614,,true,100,5,6,16,,,2,200000,150000
5,5,13,,,,,,,2026-08-06 06:13:30.150614,,true,100,6,7,6,,,2,200000,150000
5,5,13,,,,,,,2026-08-06 06:14:00.150614,,true,100,19,13,14,,,2,200000,150000
5,5,13,,,,,,,2026-08-06 06:14:30.150614,,true,100,7,14,17,,,2,200000,150000
5,5,13,,,,,,,2026-08-06 06:15:00.150614,,true,100,6,11,3,,,2,200000,150000
5,5,13,,,,,,,2026-08-06 06:15:30.150614,,true,100,9,4,0,,,2,200000,150000
5,5,13,,,,,,,2026-08-06 06:16:00.150614,,true,100,2,4,4,,,2,200000,150000
5,5,13,,,,,,,2026-08-06 06:16:30.150614,,true,100,10,18,20,,,2,200000,150000
5,5,13,,,,,,,2026-08-06 06:17:00.150614,,true,100,1,1,2,,,2,200000,150000
5,5,13,,,,,,,2026-08-06 06:17:30.150614,,true,100,6,2,15,,,2,200000,150000
5,5,13,,,,,,,2026-08-06 06:18:00.150614,,true,100,9,8,4,,,2,200000,150000
5,5,13,,,,,,,2026-08-06 06:18:30.150614,,true,100,15,4,14,,,2,200000,150000
5,5,13,,,,,,,2026-08-06 06:19:00.150614,,true,100,0,18,8,,,2,200000,150000
5,5,13,,,,,,,2026-08-06 06:19:30.150614,,true,100,15,12,13,,,2,200000,150000
5,5,13,,,,,,,2026-08-06 06:20:00.150614,,true,100,5,20,7,,,2,200000,150000
5,5,13,,,,,,,2026-08-06 06:20:30.150614,,true,100,8,19,18,,,2,200000,150000
5,5,13,,,,,,,2026-08-06 06:21:00.150614,,true,100,17,0,18,,,2,200000,150000
5,5,13,,,,,,,2026-08-06 06:21:30.150614,,true,100,16,19,19,,,2,200000,150000
5,5,13,,,,,,,2026-08-06 06:22:00.150614,,true,100,17,7,3,,,2,200000,150000
5,5,13,,,,,,,2026-08-06 06:22:30.150614,,true,100,2,12,7,,,2,200000,150000
5,5,13,,,,,,,2026-08-06 06:23:00.150614,,true,100,4,18,19,,,2,200000,150000
5,5,13,,,,,,,2026-08-06 06:23:30.150614,,true,100,10,19,2,,,2,200000,150000
5,5,13,,,,,,,2026-08-06 06:24:00.150614,,true,100,6,8,14,,,2,200000,150000
5,5,13,,,,,,,2026-08-06 06:24:30.150614,,true,100,17,15,19,,,2,200000,150000
5,5,13,,,,,,,2026-08-06 06:25:00.150614,,true,100,4,13,17,,,2,200000,150000
5,5,13,,,,,,,2026-08-06 06:25:30.150614,,true,100,18,2,3,,,2,200000,150000
5,5,13,,,,,,,2026-08-06 06:26:00.150614,,true,100,15,16,15,,,2,200000,150000
5,5,13,,,,,,,2026-08-06 06:26:30.150614,,true,100,13,6,17,,,2,200000,150000
5,5,13,,,,,,,2026-08-06 06:27:00.150614,,true,100,17,20,5,,,2,200000,150000
5,5,13,,,,,,,2026-08-06 06:27:30.150614,,true,100,20,16,19,,,2,200000,150000
5,5,13,,,,,,,2026-08-06 06:28:00.150614,,true,100,19,13,15,,,2,200000,150000
5,5,13,,,,,,,2026-08-06 06:28:30.150614,,true,100,4,16,17,,,2,200000,150000
5,5,13,,,,,,,2026-08-06 06:29:00.150614,,true,100,5,17,4,,,2,200000,150000
5,5,13,,,,,,,2026-08-06 06:29:30.150614,,true,100,5,2,15,,,2,200000,150000
5,5,13,,,,,,,2026-08-06 06:30:00.150614,,true,100,16,14,15,,,2,200000,150000
5,5,13,,,,,,,2026-08-06 06:30:30.150614,,true,100,12,7,8,,,2,200000,150000
5,5,13,,,,,,,2026-08-06 06:31:00.150614,,true,100,2,10,7,,,2,200000,150000
5,5,13,,,,,,,2026-08-06 06:31:30.150614,,true,100,0,8,7,,,2,200000,150000
5,5,13,,,,,,,2026-08-06 06:32:00.150614,,true,100,20,9,1,,,2,200000,150000
5,5,13,,,,,,,2026-08-06 06:32:30.150614,,true,100,15,15,11,,,2,200000,150000
5,5,13,,,,,,,2026-08-06 06:33:00.150614,,true,100,16,10,6,,,2,200000,150000
5,5,13,,,,,,,2026-08-06 06:33:30.150614,,true,100,2,13,2,,,2,200000,150000
5,5,13,,,,,,,2026-08-06 06:34:00.150614,,true,100,12,13,3,,,2,200000,150000
5,5,13,,,,,,,2026-08-06 06:34:30.150614,,true,100,11,2,16,,,2,200000,150000
5,5,13,,,,,,,2026-08-06 06:35:00.150614,,true,100,2,15,19,,,2,200000,150000
5,5,13,,,,,,,2026-08-06 06:35:30.150614,,true,100,7,10,18,,,2,200000,150000
5,5,13,,,,,,,2026-08-06 06:36:00.150614,,true,100,8,12,5,,,2,200000,150000
5,5,13,,,,,,,2026-08-06 06:36:30.150614,,true,100,12,15,19,,,2,200000,150000
5,5,13,,,,,,,2026-08-06 06:37:00.150614,,true,100,11,19,11,,,2,200000,150000
5,5,13,,,,,,,2026-08-06 06:37:30.150614,,true,100,3,19,15,,,2,200000,150000
5,5,13,,,,,,,2026-08-06 06:38:00.150614,,true,100,7,8,17,,,2,200000,150000
5,5,13,,,,,,,2026-08-06 06:38:30.150614,,true,100,0,3,18,,,2,200000,150000
5,5,13,,,,,,,2026-08-06 06:39:00.150614,,true,100,8,6,11,,,2,200000,150000
5,5,13,,,,,,,2026-08-06 06:39:30.150614,,true,100,15,19,18,,,2,200000,150000
5,5,13,,,,,,,2026-08-06 06:40:00.150614,,true,100,17,4,16,,,2,200000,150000
5,5,13,,,,,,,2026-08-06 06:40:30.150614,,true,100,15,9,15,,,2,200000,150000
5,5,13,,,,,,,2026-08-06 06:41:00.150614,,true,100,16,1,8,,,2,200000,150000
5,5,13,,,,,,,2026-08-06 06:41:30.150614,,true,100,8,11,12,,,2,200000,150000
5,5,13,,,,,,,2026-08-06 06:42:00.150614,,true,100,7,3,18,,,2,200000,150000
5,5,13,,,,,,,2026-08-06 06:42:30.150614,,true,100,13,2,10,,,2,200000,150000
5,5,13,,,,,,,2026-08-06 06:43:00.150614,,true,100,13,1,10,,,2,200000,150000
5,5,13,,,,,,,2026-08-06 06:43:30.150614,,true,100,6,5,19,,,2,200000,150000
5,5,13,,,,,,,2026-08-06 06:44:00.150614,,true,100,8,18,15,,,2,200000,150000
5,5,13,,,,,,,2026-08-06 06:44:30.150614,,true,100,14,14,4,,,2,200000,150000
5,5,13,,,,,,,2026-08-06 06:45:00.150614,,true,100,16,9,6,,,2,200000,150000
5,5,13,,,,,,,2026-08-06 06:45:30.150614,,true,100,2,14,5,,,2,200000,150000
5,5,13,,,,,,,2026-08-06 06:46:00.150614,,true,100,1,11,5,,,2,200000,150000
5,5,13,,,,,,,2026-08-06 06:46:30.150614,,true,100,2,4,16,,,2,200000,150000
5,5,13,,,,,,,2026-08-06 06:47:00.150614,,true,100,17,0,16,,,2,200000,150000
5,5,13,,,,,,,2026-08-06 06:47:30.150614,,true,100,17,2,20,,,2,200000,150000
5,5,13,,,,,,,2026-08-06 06:48:00.150614,,true,100,17,19,14,,,2,200000,150000
5,5,13,,,,,,,2026-08-06 06:48:30.150614,,true,100,11,4,16,,,2,200000,150000
5,5,13,,,,,,,2026-08-06 06:49:00.150614,,true,100,12,15,13,,,2,200000,150000
5,5,13,,,,,,,2026-08-06 06:49:30.150614,,true,100,17,4,6,,,2,200000,150000
5,5,13,,,,,,,2026-08-06 06:50:00.150614,,true,100,13,1,6,,,2,200000,150000
5,5,13,,,,,,,2026-08-06 06:50:30.150614,,true,100,15,13,13,,,2,200000,150000
5,5,13,,,,,,,2026-08-06 06:51:00.150614,,true,100,8,13,20,,,2,200000,150000
5,5,13,,,,,,,2026-08-06 06:51:30.150614,,true,100,5,7,2,,,2,200000,150000
5,5,13,,,,,,,2026-08-06 06:52:00.150614,,true,100,3,5,6,,,2,200000,150000
5,5,13,,,,,,,2026-08-06 06:52:30.150614,,true,100,3,16,12,,,2,200000,150000
5,5,13,,,,,,,2026-08-06 06:53:00.150614,,true,100,5,9,12,,,2,200000,150000
5,5,13,,,,,,,2026-08-06 06:53:30.150614,,true,100,7,4,5,,,2,200000,150000
5,5,13,,,,,,,2026-08-06 06:54:00.150614,,true,100,7,2,5,,,2,200000,150000
5,5,13,,,,,,,2026-08-06 06:54:30.150614,,true,100,7,20,19,,,2,200000,150000
5,5,13,,,,,,,2026-08-06 06:55:00.150614,,true,100,2,14,9,,,2,200000,150000
5,5,13,,,,,,,2026-08-06 06:55:30.150614,,true,100,20,4,8,,,2,200000,150000
5,5,13,,,,,,,2026-08-06 06:56:00.150614,,true,100,1,9,20,,,2,200000,150000
5,5,13,,,,,,,2026-08-06 06:56:30.150614,,true,100,12,4,7,,,2,200000,150000
5,5,13,,,,,,,2026-08-06 06:57:00.150614,,true,100,17,18,9,,,2,200000,150000
5,5,13,,,,,,,2026-08-06 06:57:30.150614,,true,100,8,18,19,,,2,200000,150000
5,5,13,,,,,,,2026-08-06 06:58:00.150614,,true,100,15,19,14,,,2,200000,150000
5,5,13,,,,,,,2026-08-06 06:58:30.150614,,true,100,0,13,0,,,2,200000,150000
5,5,13,,,,,,,2026-08-06 06:59:00.150614,,true,100,1,8,17,,,2,200000,150000
5,5,13,,,,,,,2026-08-06 06:59:30.150614,,true,100,9,4,17,,,2,200000,150000
5,5,13,,,,,,,2026-08-06 07:00:00.150614,,true,100,18,0,16,,,2,200000,150000
5,5,13,,,,,,,2026-08-06 07:00:30.150614,,true,100,13,13,5,,,2,200000,150000
5,5,13,,,,,,,2026-08-06 07:01:00.150614,,true,100,19,16,11,,,2,200000,150000
5,5,13,,,,,,,2026-08-06 07:01:30.150614,,true,100,11,18,6,,,2,200000,150000
5,5,13,,,,,,,2026-08-06 07:02:00.150614,,true,100,4,3,20,,,2,200000,150000
5,5,13,,,,,,,2026-08-06 07:02:30.150614,,true,100,5,15,20,,,2,200000,150000
5,5,13,,,,,,,2026-08-06 07:03:00.150614,,true,100,0,4,12,,,2,200000,150000
5,5,13,,,,,,,2026-08-06 07:03:30.150614,,true,100,11,17,15,,,2,200000,150000
5,5,13,,,,,,,2026-08-06 07:04:00.150614,,true,100,0,13,5,,,2,200000,150000
5,5,13,,,,,,,2026-08-06 07:04:30.150614,,true,100,0,17,7,,,2,200000,150000
5,5,13,,,,,,,2026-08-06 07:05:00.150614,,true,100,8,10,7,,,2,200000,150000
5,5,13,,,,,,,2026-08-06 07:05:30.150614,,true,100,5,19,6,,,2,200000,150000
5,5,13,,,,,,,2026-08-06 07:06:00.150614,,true,100,7,10,12,,,2,200000,150000
5,5,13,,,,,,,2026-08-06 07:06:30.150614,,true,100,2,8,4,,,2,200000,150000
5,5,13,,,,,,,2026-08-06 07:07:00.150614,,true,100,15,6,13,,,2,200000,150000
5,5,13,,,,,,,2026-08-06 07:07:30.150614,,true,100,4,7,7,,,2,200000,150000
5,5,13,,,,,,,2026-08-06 07:08:00.150614,,true,100,8,5,19,,,2,200000,150000
5,5,13,,,,,,,2026-08-06 07:08:30.150614,,true,100,19,9,15,,,2,200000,150000
5,5,13,,,,,,,2026-08-06 07:09:00.150614,,true,100,1,20,8,,,2,200000,150000
5,5,13,,,,,,,2026-08-06 07:09:30.150614,,true,100,8,15,2,,,2,200000,150000
5,5,13,,,,,,,2026-08-06 07:10:00.150614,,true,100,7,20,11,,,2,200000,150000
5,5,13,,,,,,,2026-08-06 07:10:30.150614,,true,100,0,13,9,,,2,200000,150000
5,5,13,,,,,,,2026-08-06 07:11:00.150614,,true,100,20,6,20,,,2,200000,150000
5,5,13,,,,,,,2026-08-06 07:11:30.150614,,true,100,10,19,8,,,2,200000,150000
5,5,13,,,,,,,2026-08-06 07:12:00.150614,,true,100,3,10,10,,,2,200000,150000
5,5,13,,,,,,,2026-08-06 07:12:30.150614,,true,100,20,15,17,,,2,200000,150000
5,5,13,,,,,,,2026-08-06 07:13:00.150614,,true,100,11,4,1,,,2,200000,150000
5,5,13,,,,,,,2026-08-06 07:13:30.150614,,true,100,11,17,15,,,2,200000,150000
5,5,13,,,,,,,2026-08-06 07:14:00.150614,,true,100,3,6,2,,,2,200000,150000
5,5,13,,,,,,,2026-08-06 07:14:30.150614,,true,100,18,9,16,,,2,200000,150000
5,5,13,,,,,,,2026-08-06 07:15:00.150614,,true,100,12,2,13,,,2,200000,150000
5,5,13,,,,,,,2026-08-06 07:15:30.150614,,true,100,6,8,12,,,2,200000,150000
5,5,13,,,,,,,2026-08-06 07:16:00.150614,,true,100,2,16,6,,,2,200000,150000
5,5,13,,,,,,,2026-08-06 07:16:30.150614,,true,100,16,12,6,,,2,200000,150000
5,5,13,,,,,,,2026-08-06 07:17:00.150614,,true,100,5,4,15,,,2,200000,150000
5,5,13,,,,,,,2026-08-06 07:17:30.150614,,true,100,8,14,12,,,2,200000,150000
5,5,13,,,,,,,2026-08-06 07:18:00.150614,,true,100,19,14,9,,,2,200000,150000
5,5,13,,,,,,,2026-08-06 07:18:30.150614,,true,100,17,7,4,,,2,200000,150000
5,5,13,,,,,,,2026-08-06 07:19:00.150614,,true,100,14,19,14,,,2,200000,150000
5,5,13,,,,,,,2026-08-06 07:19:30.150614,,true,100,18,10,9,,,2,200000,150000
5,5,13,,,,,,,2026-08-06 07:20:00.150614,,true,100,14,5,16,,,2,200000,150000
5,5,13,,,,,,,2026-08-06 07:20:30.150614,,true,100,4,15,1,,,2,200000,150000
5,5,13,,,,,,,2026-08-06 07:21:00.150614,,true,100,10,14,19,,,2,200000,150000
5,5,13,,,,,,,2026-08-06 07:21:30.150614,,true,100,8,11,0,,,2,200000,150000
5,5,13,,,,,,,2026-08-06 07:22:00.150614,,true,100,16,18,12,,,2,200000,150000
5,5,13,,,,,,,2026-08-06 07:22:30.150614,,true,100,7,1,10,,,2,200000,150000
5,5,13,,,,,,,2026-08-06 07:23:00.150614,,true,100,14,16,10,,,2,200000,150000
5,5,13,,,,,,,2026-08-06 07:23:30.150614,,true,100,3,4,2,,,2,200000,150000
5,5,13,,,,,,,2026-08-06 07:24:00.150614,,true,100,5,18,3,,,2,200000,150000
5,5,13,,,,,,,2026-08-06 07:24:30.150614,,true,100,12,20,1,,,2,200000,150000
5,5,13,,,,,,,2026-08-06 07:25:00.150614,,true,100,17,14,18,,,2,200000,150000
5,5,13,,,,,,,2026-08-06 07:25:30.150614,,true,100,8,20,5,,,2,200000,150000
5,5,13,,,,,,,2026-08-06 07:26:00.150614,,true,100,17,0,6,,,2,200000,150000
5,5,13,,,,,,,2026-08-06 07:26:30.150614,,true,100,17,3,1,,,2,200000,150000
5,5,13,,,,,,,2026-08-06 07:27:00.150614,,true,100,4,7,16,,,2,200000,150000
5,5,13,,,,,,,2026-08-06 07:27:30.150614,,true,100,2,3,6,,,2,200000,150000
5,5,13,,,,,,,2026-08-06 07:28:00.150614,,true,100,9,18,11,,,2,200000,150000
5,5,13,,,,,,,2026-08-06 07:28:30.150614,,true,100,8,20,3,,,2,200000,150000
5,5,13,,,,,,,2026-08-06 07:29:00.150614,,true,100,5,11,12,,,2,200000,150000
5,5,13,,,,,,,2026-08-06 07:29:30.150614,,true,100,14,18,11,,,2,200000,150000
5,5,13,,,,,,,2026-08-06 07:30:00.150614,,true,100,16,5,17,,,2,200000,150000
5,5,13,,,,,,,2026-08-06 07:30:30.150614,,true,100,8,19,2,,,2,200000,150000
5,5,13,,,,,,,2026-08-06 07:31:00.150614,,true,100,5,13,8,,,2,200000,150000
5,5,13,,,,,,,2026-08-06 07:31:30.150614,,true,100,12,2,19,,,2,200000,150000
5,5,13,,,,,,,2026-08-06 07:32:00.150614,,true,100,0,16,2,,,2,200000,150000
5,5,13,,,,,,,2026-08-06 07:32:30.150614,,true,100,4,10,2,,,2,200000,150000
5,5,13,,,,,,,2026-08-06 07:33:00.150614,,true,100,3,4,15,,,2,200000,150000
5,5,13,,,,,,,2026-08-06 07:33:30.150614,,true,100,19,8,18,,,2,200000,150000
5,5,13,,,,,,,2026-08-06 07:34:00.150614,,true,100,10,4,7,,,2,200000,150000
5,5,13,,,,,,,2026-08-06 07:34:30.150614,,true,100,13,8,12,,,2,200000,150000
5,5,13,,,,,,,2026-08-06 07:35:00.150614,,true,100,18,10,12,,,2,200000,150000
5,5,13,,,,,,,2026-08-06 07:35:30.150614,,true,100,12,5,6,,,2,200000,150000
5,5,13,,,,,,,2026-08-06 07:36:00.150614,,true,100,2,11,16,,,2,200000,150000
5,5,13,,,,,,,2026-08-06 07:36:30.150614,,true,100,7,8,13,,,2,200000,150000
5,5,13,,,,,,,2026-08-06 07:37:00.150614,,true,100,0,4,19,,,2,200000,150000
5,5,13,,,,,,,2026-08-06 07:37:30.150614,,true,100,17,12,16,,,2,200000,150000
5,5,13,,,,,,,2026-08-06 07:38:00.150614,,true,100,20,14,18,,,2,200000,150000
5,5,13,,,,,,,2026-08-06 07:38:30.150614,,true,100,6,10,9,,,2,200000,150000
5,5,13,,,,,,,2026-08-06 07:39:00.150614,,true,100,13,19,16,,,2,200000,150000
5,5,13,,,,,,,2026-08-06 07:39:30.150614,,true,100,4,8,6,,,2,200000,150000
5,5,13,,,,,,,2026-08-06 07:40:00.150614,,true,100,18,1,10,,,2,200000,150000
5,5,13,,,,,,,2026-08-06 07:40:30.150614,,true,100,11,10,9,,,2,200000,150000
5,5,13,,,,,,,2026-08-06 07:41:00.150614,,true,100,17,9,4,,,2,200000,150000
5,5,13,,,,,,,2026-08-06 07:41:30.150614,,true,100,8,3,10,,,2,200000,150000
5,5,13,,,,,,,2026-08-06 07:42:00.150614,,true,100,10,6,14,,,2,200000,150000
5,5,13,,,,,,,2026-08-06 07:42:30.150614,,true,100,15,1,8,,,2,200000,150000
5,5,13,,,,,,,2026-08-06 07:43:00.150614,,true,100,5,16,0,,,2,200000,150000
5,5,13,,,,,,,2026-08-06 07:43:30.150614,,true,100,17,12,9,,,2,200000,150000
5,5,13,,,,,,,2026-08-06 07:44:00.150614,,true,100,8,0,14,,,2,200000,150000
5,5,13,,,,,,,2026-08-06 07:44:30.150614,,true,100,4,1,15,,,2,200000,150000
5,5,13,,,,,,,2026-08-06 07:45:00.150614,,true,100,16,14,10,,,2,200000,150000
5,5,13,,,,,,,2026-08-06 07:45:30.150614,,true,100,13,7,4,,,2,200000,150000
5,5,13,,,,,,,2026-08-06 07:46:00.150614,,true,100,13,7,15,,,2,200000,150000
5,5,13,,,,,,,2026-08-06 07:46:30.150614,,true,100,6,13,12,,,2,200000,150000
5,5,13,,,,,,,2026-08-06 07:47:00.150614,,true,100,2,16,11,,,2,200000,150000
5,5,13,,,,,,,2026-08-06 07:47:30.150614,,true,100,14,8,3,,,2,200000,150000
5,5,13,,,,,,,2026-08-06 07:48:00.150614,,true,100,19,9,13,,,2,200000,150000
5,5,13,,,,,,,2026-08-06 07:48:30.150614,,true,100,14,16,13,,,2,200000,150000
5,5,13,,,,,,,2026-08-06 07:49:00.150614,,true,100,14,16,18,,,2,200000,150000
5,5,13,,,,,,,2026-08-06 07:49:30.150614,,true,100,11,8,8,,,2,200000,150000
5,5,13,,,,,,,2026-08-06 07:50:00.150614,,true,100,15,10,11,,,2,200000,150000
5,5,13,,,,,,,2026-08-06 07:50:30.150614,,true,100,19,20,14,,,2,200000,150000
5,5,13,,,,,,,2026-08-06 07:51:00.150614,,true,100,20,1,7,,,2,200000,150000
5,5,13,,,,,,,2026-08-06 07:51:30.150614,,true,100,12,2,17,,,2,200000,150000
5,5,13,,,,,,,2026-08-06 07:52:00.150614,,true,100,12,8,13,,,2,200000,150000
5,5,13,,,,,,,2026-08-06 07:52:30.150614,,true,100,5,18,18,,,2,200000,150000
5,5,13,,,,,,,2026-08-06 07:53:00.150614,,true,100,11,9,16,,,2,200000,150000
5,5,13,,,,,,,2026-08-06 07:53:30.150614,,true,100,16,9,7,,,2,200000,150000
5,5,13,,,,,,,2026-08-06 07:54:00.150614,,true,100,20,7,0,,,2,200000,150000
5,5,13,,,,,,,2026-08-06 07:54:30.150614,,true,100,10,3,12,,,2,200000,150000
5,5,13,,,,,,,2026-08-06 07:55:00.150614,,true,100,6,3,1,,,2,200000,150000
5,5,13,,,,,,,2026-08-06 07:55:30.150614,,true,100,20,6,0,,,2,200000,150000
5,5,13,,,,,,,2026-08-06 07:56:00.150614,,true,100,19,7,2,,,2,200000,150000
5,5,13,,,,,,,2026-08-06 07:56:30.150614,,true,100,2,6,14,,,2,200000,150000
5,5,13,,,,,,,2026-08-06 07:57:00.150614,,true,100,9,7,4,,,2,200000,150000
5,5,13,,,,,,,2026-08-06 07:57:30.150614,,true,100,17,4,5,,,2,200000,150000
5,5,13,,,,,,,2026-08-06 07:58:00.150614,,true,100,0,1,19,,,2,200000,150000
5,5,13,,,,,,,2026-08-06 07:58:30.150614,,true,100,14,13,19,,,2,200000,150000
5,5,13,,,,,,,2026-08-06 07:59:00.150614,,true,100,9,12,17,,,2,200000,150000
5,5,13,,,,,,,2026-08-06 07:59:30.150614,,true,100,8,19,19,,,2,200000,150000
5,5,13,,,,,,,2026-08-06 08:00:00.150614,,true,100,11,12,4,,,2,200000,150000
5,5,13,,,,,,,2026-08-06 08:00:30.150614,,true,100,20,4,12,,,2,200000,150000
5,5,13,,,,,,,2026-08-06 08:01:00.150614,,true,100,17,13,13,,,2,200000,150000
5,5,13,,,,,,,2026-08-06 08:01:30.150614,,true,100,20,2,10,,,2,200000,150000
5,5,13,,,,,,,2026-08-06 08:02:00.150614,,true,100,7,2,15,,,2,200000,150000
5,5,13,,,,,,,2026-08-06 08:02:30.150614,,true,100,10,10,20,,,2,200000,150000
5,5,13,,,,,,,2026-08-06 08:03:00.150614,,true,100,5,15,19,,,2,200000,150000
5,5,13,,,,,,,2026-08-06 08:03:30.150614,,true,100,7,2,14,,,2,200000,150000
5,5,13,,,,,,,2026-08-06 08:04:00.150614,,true,100,3,1,20,,,2,200000,150000
5,5,13,,,,,,,2026-08-06 08:04:30.150614,,true,100,15,9,2,,,2,200000,150000
5,5,13,,,,,,,2026-08-06 08:05:00.150614,,true,100,1,7,15,,,2,200000,150000
5,5,13,,,,,,,2026-08-06 08:05:30.150614,,true,100,11,16,20,,,2,200000,150000
5,5,13,,,,,,,2026-08-06 08:06:00.150614,,true,100,14,5,10,,,2,200000,150000
5,5,13,,,,,,,2026-08-06 08:06:30.150614,,true,100,13,10,12,,,2,200000,150000
5,5,13,,,,,,,2026-08-06 08:07:00.150614,,true,100,14,20,18,,,2,200000,150000
5,5,13,,,,,,,2026-08-06 08:07:30.150614,,true,100,17,11,16,,,2,200000,150000
5,5,13,,,,,,,2026-08-06 08:08:00.150614,,true,100,19,0,18,,,2,200000,150000
5,5,13,,,,,,,2026-08-06 08:08:30.150614,,true,100,11,19,19,,,2,200000,150000
5,5,13,,,,,,,2026-08-06 08:09:00.150614,,true,100,9,19,11,,,2,200000,150000
5,5,13,,,,,,,2026-08-06 08:09:30.150614,,true,100,10,18,17,,,2,200000,150000
5,5,13,,,,,,,2026-08-06 08:10:00.150614,,true,100,9,1,12,,,2,200000,150000
5,5,13,,,,,,,2026-08-06 08:10:30.150614,,true,100,11,9,8,,,2,200000,150000
5,5,13,,,,,,,2026-08-06 08:11:00.150614,,true,100,12,19,1,,,2,200000,150000
5,5,13,,,,,,,2026-08-06 08:11:30.150614,,true,100,15,1,12,,,2,200000,150000
5,5,13,,,,,,,2026-08-06 08:12:00.150614,,true,100,11,18,17,,,2,200000,150000
5,5,13,,,,,,,2026-08-06 08:12:30.150614,,true,100,19,7,4,,,2,200000,150000
5,5,13,,,,,,,2026-08-06 08:13:00.150614,,true,100,15,9,3,,,2,200000,150000
5,5,13,,,,,,,2026-08-06 08:13:30.150614,,true,100,4,0,20,,,2,200000,150000
5,5,13,,,,,,,2026-08-06 08:14:00.150614,,true,100,3,14,12,,,2,200000,150000
5,5,13,,,,,,,2026-08-06 08:14:30.150614,,true,100,4,19,5,,,2,200000,150000
5,5,13,,,,,,,2026-08-06 08:15:00.150614,,true,100,16,15,12,,,2,200000,150000
5,5,13,,,,,,,2026-08-06 08:15:30.150614,,true,100,18,17,19,,,2,200000,150000
5,5,13,,,,,,,2026-08-06 08:16:00.150614,,true,100,15,5,16,,,2,200000,150000
5,5,13,,,,,,,2026-08-06 08:16:30.150614,,true,100,14,2,20,,,2,200000,150000
5,5,13,,,,,,,2026-08-06 08:17:00.150614,,true,100,15,16,13,,,2,200000,150000
5,5,13,,,,,,,2026-08-06 08:17:30.150614,,true,100,10,9,19,,,2,200000,150000
5,5,13,,,,,,,2026-08-06 08:18:00.150614,,true,100,14,2,7,,,2,200000,150000
5,5,13,,,,,,,2026-08-06 08:18:30.150614,,true,100,12,10,5,,,2,200000,150000
5,5,13,,,,,,,2026-08-06 08:19:00.150614,,true,100,7,15,11,,,2,200000,150000
5,5,13,,,,,,,2026-08-06 08:19:30.150614,,true,100,18,10,12,,,2,200000,150000
5,5,13,,,,,,,2026-08-06 08:20:00.150614,,true,100,8,14,9,,,2,200000,150000
5,5,13,,,,,,,2026-08-06 08:20:30.150614,,true,100,0,14,10,,,2,200000,150000
5,5,13,,,,,,,2026-08-06 08:21:00.150614,,true,100,2,5,19,,,2,200000,150000
5,5,13,,,,,,,2026-08-06 08:21:30.150614,,true,100,20,11,5,,,2,200000,150000
5,5,13,,,,,,,2026-08-06 08:22:00.150614,,true,100,17,14,9,,,2,200000,150000
5,5,13,,,,,,,2026-08-06 08:22:30.150614,,true,100,1,17,7,,,2,200000,150000
5,5,13,,,,,,,2026-08-06 08:23:00.150614,,true,100,10,17,9,,,2,200000,150000
5,5,13,,,,,,,2026-08-06 08:23:30.150614,,true,100,20,3,3,,,2,200000,150000
5,5,13,,,,,,,2026-08-06 08:24:00.150614,,true,100,15,15,0,,,2,200000,150000
5,5,13,,,,,,,2026-08-06 08:24:30.150614,,true,100,16,8,17,,,2,200000,150000
5,5,13,,,,,,,2026-08-06 08:25:00.150614,,true,100,13,2,16,,,2,200000,150000
5,5,13,,,,,,,2026-08-06 08:25:30.150614,,true,100,10,0,16,,,2,200000,150000
5,5,13,,,,,,,2026-08-06 08:26:00.150614,,true,100,16,2,10,,,2,200000,150000
5,5,13,,,,,,,2026-08-06 08:26:30.150614,,true,100,3,2,16,,,2,200000,150000
5,5,13,,,,,,,2026-08-06 08:27:00.150614,,true,100,5,4,13,,,2,200000,150000
5,5,13,,,,,,,2026-08-06 08:27:30.150614,,true,100,10,8,12,,,2,200000,150000
5,5,13,,,,,,,2026-08-06 08:28:00.150614,,true,100,3,17,3,,,2,200000,150000
5,5,13,,,,,,,2026-08-06 08:28:30.150614,,true,100,14,4,15,,,2,200000,150000
5,5,13,,,,,,,2026-08-06 08:29:00.150614,,true,100,0,14,16,,,2,200000,150000
5,5,13,,,,,,,2026-08-06 08:29:30.150614,,true,100,7,8,14,,,2,200000,150000
5,5,13,,,,,,,2026-08-06 08:30:00.150614,,true,100,11,10,4,,,2,200000,150000
5,5,13,,,,,,,2026-08-06 08:30:30.150614,,true,100,17,16,3,,,2,200000,150000
5,5,13,,,,,,,2026-08-06 08:31:00.150614,,true,100,3,8,7,,,2,200000,150000
5,5,13,,,,,,,2026-08-06 08:31:30.150614,,true,100,12,13,1,,,2,200000,150000
5,5,13,,,,,,,2026-08-06 08:32:00.150614,,true,100,1,7,3,,,2,200000,150000
5,5,13,,,,,,,2026-08-06 08:32:30.150614,,true,100,10,16,8,,,2,200000,150000
5,5,13,,,,,,,2026-08-06 08:33:00.150614,,true,100,9,7,15,,,2,200000,150000
5,5,13,,,,,,,2026-08-06 08:33:30.150614,,true,100,8,20,19,,,2,200000,150000
5,5,13,,,,,,,2026-08-06 08:34:00.150614,,true,100,19,8,3,,,2,200000,150000
5,5,13,,,,,,,2026-08-06 08:34:30.150614,,true,100,17,6,9,,,2,200000,150000
5,5,13,,,,,,,2026-08-06 08:35:00.150614,,true,100,15,18,20,,,2,200000,150000
5,5,13,,,,,,,2026-08-06 08:35:30.150614,,true,100,10,3,10,,,2,200000,150000
5,5,13,,,,,,,2026-08-06 08:36:00.150614,,true,100,2,0,18,,,2,200000,150000
5,5,13,,,,,,,2026-08-06 08:36:30.150614,,true,100,11,20,4,,,2,200000,150000
5,5,13,,,,,,,2026-08-06 08:37:00.150614,,true,100,19,1,0,,,2,200000,150000
5,5,13,,,,,,,2026-08-06 08:37:30.150614,,true,100,12,15,16,,,2,200000,150000
5,5,13,,,,,,,2026-08-06 08:38:00.150614,,true,100,3,1,9,,,2,200000,150000
5,5,13,,,,,,,2026-08-06 08:38:30.150614,,true,100,1,12,11,,,2,200000,150000
5,5,13,,,,,,,2026-08-06 08:39:00.150614,,true,100,6,5,12,,,2,200000,150000
5,5,13,,,,,,,2026-08-06 08:39:30.150614,,true,100,9,5,5,,,2,200000,150000
5,5,13,,,,,,,2026-08-06 08:40:00.150614,,true,100,9,19,13,,,2,200000,150000
5,5,13,,,,,,,2026-08-06 08:40:30.150614,,true,100,12,5,1,,,2,200000,150000
5,5,13,,,,,,,2026-08-06 08:41:00.150614,,true,100,6,11,19,,,2,200000,150000
5,5,13,,,,,,,2026-08-06 08:41:30.150614,,true,100,0,8,20,,,2,200000,150000
5,5,13,,,,,,,2026-08-06 08:42:00.150614,,true,100,15,8,6,,,2,200000,150000
5,5,13,,,,,,,2026-08-06 08:42:30.150614,,true,100,2,0,1,,,2,200000,150000
5,5,13,,,,,,,2026-08-06 08:43:00.150614,,true,100,13,7,11,,,2,200000,150000
5,5,13,,,,,,,2026-08-06 08:43:30.150614,,true,100,4,1,10,,,2,200000,150000
5,5,13,,,,,,,2026-08-06 08:44:00.150614,,true,100,6,1,16,,,2,200000,150000
5,5,13,,,,,,,2026-08-06 08:44:30.150614,,true,100,5,20,4,,,2,200000,150000
5,5,13,,,,,,,2026-08-06 08:45:00.150614,,true,100,10,20,9,,,2,200000,150000
5,5,13,,,,,,,2026-08-06 08:45:30.150614,,true,100,15,10,6,,,2,200000,150000
5,5,13,,,,,,,2026-08-06 08:46:00.150614,,true,100,5,15,12,,,2,200000,150000
5,5,13,,,,,,,2026-08-06 08:46:30.150614,,true,100,1,0,17,,,2,200000,150000
5,5,13,,,,,,,2026-08-06 08:47:00.150614,,true,100,2,1,6,,,2,200000,150000
5,5,13,,,,,,,2026-08-06 08:47:30.150614,,true,100,10,19,4,,,2,200000,150000
5,5,13,,,,,,,2026-08-06 08:48:00.150614,,true,100,8,4,15,,,2,200000,150000
5,5,13,,,,,,,2026-08-06 08:48:30.150614,,true,100,7,14,18,,,2,200000,150000
5,5,13,,,,,,,2026-08-06 08:49:00.150614,,true,100,4,18,10,,,2,200000,150000
5,5,13,,,,,,,2026-08-06 08:49:30.150614,,true,100,9,17,8,,,2,200000,150000
5,5,13,,,,,,,2026-08-06 08:50:00.150614,,true,100,0,13,6,,,2,200000,150000
5,5,13,,,,,,,2026-08-06 08:50:30.150614,,true,100,14,6,9,,,2,200000,150000
5,5,13,,,,,,,2026-08-06 08:51:00.150614,,true,100,20,2,12,,,2,200000,150000
5,5,13,,,,,,,2026-08-06 08:51:30.150614,,true,100,13,14,11,,,2,200000,150000
5,5,13,,,,,,,2026-08-06 08:52:00.150614,,true,100,16,12,10,,,2,200000,150000
5,5,13,,,,,,,2026-08-06 08:52:30.150614,,true,100,7,20,5,,,2,200000,150000
5,5,13,,,,,,,2026-08-06 08:53:00.150614,,true,100,18,17,10,,,2,200000,150000
5,5,13,,,,,,,2026-08-06 08:53:30.150614,,true,100,5,3,7,,,2,200000,150000
5,5,13,,,,,,,2026-08-06 08:54:00.150614,,true,100,14,18,16,,,2,200000,150000
5,5,13,,,,,,,2026-08-06 08:54:30.150614,,true,100,14,11,19,,,2,200000,150000
5,5,13,,,,,,,2026-08-06 08:55:00.150614,,true,100,10,14,7,,,2,200000,150000
5,5,13,,,,,,,2026-08-06 08:55:30.150614,,true,100,0,0,3,,,2,200000,150000
5,5,13,,,,,,,2026-08-06 08:56:00.150614,,true,100,13,15,1,,,2,200000,150000
5,5,13,,,,,,,2026-08-06 08:56:30.150614,,true,100,15,11,13,,,2,200000,150000
5,5,13,,,,,,,2026-08-06 08:57:00.150614,,true,100,9,2,9,,,2,200000,150000
5,5,13,,,,,,,2026-08-06 08:57:30.150614,,true,100,2,5,13,,,2,200000,150000
5,5,13,,,,,,,2026-08-06 08:58:00.150614,,true,100,17,4,1,,,2,200000,150000
5,5,13,,,,,,,2026-08-06 08:58:30.150614,,true,100,7,14,11,,,2,200000,150000
5,5,13,,,,,,,2026-08-06 08:59:00.150614,,true,100,10,13,4,,,2,200000,150000
5,5,13,,,,,,,2026-08-06 08:59:30.150614,,true,100,16,6,16,,,2,200000,150000
5,5,13,,,,,,,2026-08-06 09:00:00.150614,,true,100,12,4,8,,,2,200000,150000
5,5,13,,,,,,,2026-08-06 09:00:30.150614,,true,100,20,16,18,,,2,200000,150000
5,5,13,,,,,,,2026-08-06 09:01:00.150614,,true,100,7,6,3,,,2,200000,150000
5,5,13,,,,,,,2026-08-06 09:01:30.150614,,true,100,16,10,5,,,2,200000,150000
5,5,13,,,,,,,2026-08-06 09:02:00.150614,,true,100,14,3,12,,,2,200000,150000
5,5,13,,,,,,,2026-08-06 09:02:30.150614,,true,100,6,6,19,,,2,200000,150000
5,5,13,,,,,,,2026-08-06 09:03:00.150614,,true,100,4,3,4,,,2,200000,150000
5,5,13,,,,,,,2026-08-06 09:03:30.150614,,true,100,16,9,0,,,2,200000,150000
5,5,13,,,,,,,2026-08-06 09:04:00.150614,,true,100,13,17,10,,,2,200000,150000
5,5,13,,,,,,,2026-08-06 09:04:30.150614,,true,100,19,17,10,,,2,200000,150000
5,5,13,,,,,,,2026-08-06 09:05:00.150614,,true,100,20,9,19,,,2,200000,150000
5,5,13,,,,,,,2026-08-06 09:05:30.150614,,true,100,11,6,11,,,2,200000,150000
5,5,13,,,,,,,2026-08-06 09:06:00.150614,,true,100,9,19,19,,,2,200000,150000
5,5,13,,,,,,,2026-08-06 09:06:30.150614,,true,100,7,9,14,,,2,200000,150000
5,5,13,,,,,,,2026-08-06 09:07:00.150614,,true,100,14,9,19,,,2,200000,150000
5,5,13,,,,,,,2026-08-06 09:07:30.150614,,true,100,19,19,0,,,2,200000,150000
5,5,13,,,,,,,2026-08-06 09:08:00.150614,,true,100,9,9,10,,,2,200000,150000
5,5,13,,,,,,,2026-08-06 09:08:30.150614,,true,100,12,11,13,,,2,200000,150000
5,5,13,,,,,,,2026-08-06 09:09:00.150614,,true,100,14,7,17,,,2,200000,150000
5,5,13,,,,,,,2026-08-06 09:09:30.150614,,true,100,1,5,4,,,2,200000,150000
5,5,13,,,,,,,2026-08-06 09:10:00.150614,,true,100,16,10,20,,,2,200000,150000
5,5,13,,,,,,,2026-08-06 09:10:30.150614,,true,100,5,3,15,,,2,200000,150000
5,5,13,,,,,,,2026-08-06 09:11:00.150614,,true,100,10,18,9,,,2,200000,150000
5,5,13,,,,,,,2026-08-06 09:11:30.150614,,true,100,2,3,14,,,2,200000,150000
5,5,13,,,,,,,2026-08-06 09:12:00.150614,,true,100,15,11,15,,,2,200000,150000
5,5,13,,,,,,,2026-08-06 09:12:30.150614,,true,100,19,5,1,,,2,200000,150000
5,5,13,,,,,,,2026-08-06 09:13:00.150614,,true,100,18,14,0,,,2,200000,150000
5,5,13,,,,,,,2026-08-06 09:13:30.150614,,true,100,3,12,12,,,2,200000,150000
5,5,13,,,,,,,2026-08-06 09:14:00.150614,,true,100,16,10,17,,,2,200000,150000
5,5,13,,,,,,,2026-08-06 09:14:30.150614,,true,100,11,4,0,,,2,200000,150000
5,5,13,,,,,,,2026-08-06 09:15:00.150614,,true,100,9,11,16,,,2,200000,150000
5,5,13,,,,,,,2026-08-06 09:15:30.150614,,true,100,19,19,13,,,2,200000,150000
5,5,13,,,,,,,2026-08-06 09:16:00.150614,,true,100,19,14,3,,,2,200000,150000
5,5,13,,,,,,,2026-08-06 09:16:30.150614,,true,100,7,11,0,,,2,200000,150000
5,5,13,,,,,,,2026-08-06 09:17:00.150614,,true,100,11,18,9,,,2,200000,150000
5,5,13,,,,,,,2026-08-06 09:17:30.150614,,true,100,19,5,4,,,2,200000,150000
5,5,13,,,,,,,2026-08-06 09:18:00.150614,,true,100,17,7,18,,,2,200000,150000
5,5,13,,,,,,,2026-08-06 09:18:30.150614,,true,100,7,3,16,,,2,200000,150000
5,5,13,,,,,,,2026-08-06 09:19:00.150614,,true,100,11,14,17,,,2,200000,150000
5,5,13,,,,,,,2026-08-06 09:19:30.150614,,true,100,19,1,5,,,2,200000,150000
5,5,13,,,,,,,2026-08-06 09:20:00.150614,,true,100,7,9,19,,,2,200000,150000
5,5,13,,,,,,,2026-08-06 09:20:30.150614,,true,100,16,17,20,,,2,200000,150000
5,5,13,,,,,,,2026-08-06 09:21:00.150614,,true,100,12,4,20,,,2,200000,150000
5,5,13,,,,,,,2026-08-06 09:21:30.150614,,true,100,8,1,18,,,2,200000,150000
5,5,13,,,,,,,2026-08-06 09:22:00.150614,,true,100,1,20,11,,,2,200000,150000
5,5,13,,,,,,,2026-08-06 09:22:30.150614,,true,100,4,0,11,,,2,200000,150000
5,5,13,,,,,,,2026-08-06 09:23:00.150614,,true,100,11,15,19,,,2,200000,150000
5,5,13,,,,,,,2026-08-06 09:23:30.150614,,true,100,18,16,7,,,2,200000,150000
5,5,13,,,,,,,2026-08-06 09:24:00.150614,,true,100,17,14,1,,,2,200000,150000
5,5,13,,,,,,,2026-08-06 09:24:30.150614,,true,100,5,11,2,,,2,200000,150000
5,5,13,,,,,,,2026-08-06 09:25:00.150614,,true,100,14,0,13,,,2,200000,150000
5,5,13,,,,,,,2026-08-06 09:25:30.150614,,true,100,19,19,6,,,2,200000,150000
5,5,13,,,,,,,2026-08-06 09:26:00.150614,,true,100,2,3,15,,,2,200000,150000
5,5,13,,,,,,,2026-08-06 09:26:30.150614,,true,100,20,17,0,,,2,200000,150000
5,5,13,,,,,,,2026-08-06 09:27:00.150614,,true,100,12,1,4,,,2,200000,150000
5,5,13,,,,,,,2026-08-06 09:27:30.150614,,true,100,12,4,9,,,2,200000,150000
5,5,13,,,,,,,2026-08-06 09:28:00.150614,,true,100,13,16,15,,,2,200000,150000
5,5,13,,,,,,,2026-08-06 09:28:30.150614,,true,100,15,6,17,,,2,200000,150000
5,5,13,,,,,,,2026-08-06 09:29:00.150614,,true,100,0,19,12,,,2,200000,150000
5,5,13,,,,,,,2026-08-06 09:29:30.150614,,true,100,2,18,8,,,2,200000,150000
5,5,13,,,,,,,2026-08-06 09:30:00.150614,,true,100,2,9,20,,,2,200000,150000
5,5,13,,,,,,,2026-08-06 09:30:30.150614,,true,100,14,19,10,,,2,200000,150000
5,5,13,,,,,,,2026-08-06 09:31:00.150614,,true,100,6,15,18,,,2,200000,150000
5,5,13,,,,,,,2026-08-06 09:31:30.150614,,true,100,8,8,2,,,2,200000,150000
5,5,13,,,,,,,2026-08-06 09:32:00.150614,,true,100,4,3,3,,,2,200000,150000
5,5,13,,,,,,,2026-08-06 09:32:30.150614,,true,100,0,19,8,,,2,200000,150000
5,5,13,,,,,,,2026-08-06 09:33:00.150614,,true,100,17,11,18,,,2,200000,150000
5,5,13,,,,,,,2026-08-06 09:33:30.150614,,true,100,6,1,14,,,2,200000,150000
5,5,13,,,,,,,2026-08-06 09:34:00.150614,,true,100,20,8,6,,,2,200000,150000
5,5,13,,,,,,,2026-08-06 09:34:30.150614,,true,100,16,0,15,,,2,200000,150000
5,5,13,,,,,,,2026-08-06 09:35:00.150614,,true,100,17,6,14,,,2,200000,150000
5,5,13,,,,,,,2026-08-06 09:35:30.150614,,true,100,17,5,18,,,2,200000,150000
5,5,13,,,,,,,2026-08-06 09:36:00.150614,,true,100,1,16,19,,,2,200000,150000
5,5,13,,,,,,,2026-08-06 09:36:30.150614,,true,100,9,16,7,,,2,200000,150000
5,5,13,,,,,,,2026-08-06 09:37:00.150614,,true,100,2,14,18,,,2,200000,150000
5,5,13,,,,,,,2026-08-06 09:37:30.150614,,true,100,17,10,10,,,2,200000,150000
5,5,13,,,,,,,2026-08-06 09:38:00.150614,,true,100,4,4,7,,,2,200000,150000
5,5,13,,,,,,,2026-08-06 09:38:30.150614,,true,100,13,7,1,,,2,200000,150000
5,5,13,,,,,,,2026-08-06 09:39:00.150614,,true,100,17,5,20,,,2,200000,150000
5,5,13,,,,,,,2026-08-06 09:39:30.150614,,true,100,3,9,14,,,2,200000,150000
5,5,13,,,,,,,2026-08-06 09:40:00.150614,,true,100,15,18,6,,,2,200000,150000
5,5,13,,,,,,,2026-08-06 09:40:30.150614,,true,100,16,6,3,,,2,200000,150000
5,5,13,,,,,,,2026-08-06 09:41:00.150614,,true,100,5,15,3,,,2,200000,150000
5,5,13,,,,,,,2026-08-06 09:41:30.150614,,true,100,1,4,5,,,2,200000,150000
5,5,13,,,,,,,2026-08-06 09:42:00.150614,,true,100,7,11,12,,,2,200000,150000
5,5,13,,,,,,,2026-08-06 09:42:30.150614,,true,100,4,12,6,,,2,200000,150000
5,5,13,,,,,,,2026-08-06 09:43:00.150614,,true,100,1,20,10,,,2,200000,150000
5,5,13,,,,,,,2026-08-06 09:43:30.150614,,true,100,6,15,18,,,2,200000,150000
5,5,13,,,,,,,2026-08-06 09:44:00.150614,,true,100,12,1,6,,,2,200000,150000
5,5,13,,,,,,,2026-08-06 09:44:30.150614,,true,100,10,3,15,,,2,200000,150000
5,5,13,,,,,,,2026-08-06 09:45:00.150614,,true,100,20,2,14,,,2,200000,150000
5,5,13,,,,,,,2026-08-06 09:45:30.150614,,true,100,5,8,11,,,2,200000,150000
5,5,13,,,,,,,2026-08-06 09:46:00.150614,,true,100,13,4,3,,,2,200000,150000
5,5,13,,,,,,,2026-08-06 09:46:30.150614,,true,100,14,15,16,,,2,200000,150000
5,5,13,,,,,,,2026-08-06 09:47:00.150614,,true,100,19,16,3,,,2,200000,150000
5,5,13,,,,,,,2026-08-06 09:47:30.150614,,true,100,13,10,11,,,2,200000,150000
5,5,13,,,,,,,2026-08-06 09:48:00.150614,,true,100,15,11,9,,,2,200000,150000
5,5,13,,,,,,,2026-08-06 09:48:30.150614,,true,100,19,7,0,,,2,200000,150000
5,5,13,,,,,,,2026-08-06 09:49:00.150614,,true,100,1,5,15,,,2,200000,150000
5,5,13,,,,,,,2026-08-06 09:49:30.150614,,true,100,5,18,1,,,2,200000,150000
5,5,13,,,,,,,2026-08-06 09:50:00.150614,,true,100,0,0,3,,,2,200000,150000
5,5,13,,,,,,,2026-08-06 09:50:30.150614,,true,100,19,0,5,,,2,200000,150000
5,5,13,,,,,,,2026-08-06 09:51:00.150614,,true,100,10,4,7,,,2,200000,150000
5,5,13,,,,,,,2026-08-06 09:51:30.150614,,true,100,16,2,10,,,2,200000,150000
5,5,13,,,,,,,2026-08-06 09:52:00.150614,,true,100,6,15,19,,,2,200000,150000
5,5,13,,,,,,,2026-08-06 09:52:30.150614,,true,100,2,13,11,,,2,200000,150000
5,5,13,,,,,,,2026-08-06 09:53:00.150614,,true,100,11,3,1,,,2,200000,150000
5,5,13,,,,,,,2026-08-06 09:53:30.150614,,true,100,16,13,2,,,2,200000,150000
5,5,13,,,,,,,2026-08-06 09:54:00.150614,,true,100,9,20,7,,,2,200000,150000
5,5,13,,,,,,,2026-08-06 09:54:30.150614,,true,100,0,2,20,,,2,200000,150000
5,5,13,,,,,,,2026-08-06 09:55:00.150614,,true,100,8,18,17,,,2,200000,150000
5,5,13,,,,,,,2026-08-06 09:55:30.150614,,true,100,19,9,1,,,2,200000,150000
5,5,13,,,,,,,2026-08-06 09:56:00.150614,,true,100,4,17,9,,,2,200000,150000
5,5,13,,,,,,,2026-08-06 09:56:30.150614,,true,100,6,6,14,,,2,200000,150000
5,5,13,,,,,,,2026-08-06 09:57:00.150614,,true,100,12,10,6,,,2,200000,150000
5,5,13,,,,,,,2026-08-06 09:57:30.150614,,true,100,1,9,5,,,2,200000,150000
5,5,13,,,,,,,2026-08-06 09:58:00.150614,,true,100,3,14,12,,,2,200000,150000
5,5,13,,,,,,,2026-08-06 09:58:30.150614,,true,100,16,0,11,,,2,200000,150000
5,5,13,,,,,,,2026-08-06 09:59:00.150614,,true,100,19,20,0,,,2,200000,150000
5,5,13,,,,,,,2026-08-06 09:59:30.150614,,true,100,17,13,8,,,2,200000,150000
5,5,13,,,,,,,2026-08-06 10:00:00.150614,,true,100,5,13,5,,,2,200000,150000
5,5,13,,,,,,,2026-08-06 10:00:30.150614,,true,100,16,9,16,,,2,200000,150000
5,5,13,,,,,,,2026-08-06 10:01:00.150614,,true,100,5,19,3,,,2,200000,150000
5,5,13,,,,,,,2026-08-06 10:01:30.150614,,true,100,18,2,17,,,2,200000,150000
5,5,13,,,,,,,2026-08-06 10:02:00.150614,,true,100,3,5,0,,,2,200000,150000
5,5,13,,,,,,,2026-08-06 10:02:30.150614,,true,100,11,16,20,,,2,200000,150000
5,5,13,,,,,,,2026-08-06 10:03:00.150614,,true,100,1,7,8,,,2,200000,150000
5,5,13,,,,,,,2026-08-06 10:03:30.150614,,true,100,18,6,18,,,2,200000,150000
5,5,13,,,,,,,2026-08-06 10:04:00.150614,,true,100,7,15,14,,,2,200000,150000
5,5,13,,,,,,,2026-08-06 10:04:30.150614,,true,100,1,20,0,,,2,200000,150000
5,5,13,,,,,,,2026-08-06 10:05:00.150614,,true,100,11,16,6,,,2,200000,150000
5,5,13,,,,,,,2026-08-06 10:05:30.150614,,true,100,8,13,9,,,2,200000,150000
5,5,13,,,,,,,2026-08-06 10:06:00.150614,,true,100,12,12,13,,,2,200000,150000
5,5,13,,,,,,,2026-08-06 10:06:30.150614,,true,100,15,20,3,,,2,200000,150000
5,5,13,,,,,,,2026-08-06 10:07:00.150614,,true,100,18,1,6,,,2,200000,150000
5,5,13,,,,,,,2026-08-06 10:07:30.150614,,true,100,1,10,17,,,2,200000,150000
5,5,13,,,,,,,2026-08-06 10:08:00.150614,,true,100,3,18,4,,,2,200000,150000
5,5,13,,,,,,,2026-08-06 10:08:30.150614,,true,100,3,20,19,,,2,200000,150000
5,5,13,,,,,,,2026-08-06 10:09:00.150614,,true,100,14,19,2,,,2,200000,150000
5,5,13,,,,,,,2026-08-06 10:09:30.150614,,true,100,7,0,14,,,2,200000,150000
5,5,13,,,,,,,2026-08-06 10:10:00.150614,,true,100,6,14,14,,,2,200000,150000
5,5,13,,,,,,,2026-08-06 10:10:30.150614,,true,100,6,20,4,,,2,200000,150000
5,5,13,,,,,,,2026-08-06 10:11:00.150614,,true,100,10,12,14,,,2,200000,150000
5,5,13,,,,,,,2026-08-06 10:11:30.150614,,true,100,2,19,10,,,2,200000,150000
5,5,13,,,,,,,2026-08-06 10:12:00.150614,,true,100,19,18,0,,,2,200000,150000
5,5,13,,,,,,,2026-08-06 10:12:30.150614,,true,100,15,10,9,,,2,200000,150000
5,5,13,,,,,,,2026-08-06 10:13:00.150614,,true,100,9,3,8,,,2,200000,150000
5,5,13,,,,,,,2026-08-06 10:13:30.150614,,true,100,8,12,10,,,2,200000,150000
5,5,13,,,,,,,2026-08-06 10:14:00.150614,,true,100,8,8,6,,,2,200000,150000
5,5,13,,,,,,,2026-08-06 10:14:30.150614,,true,100,10,1,4,,,2,200000,150000
5,5,13,,,,,,,2026-08-06 10:15:00.150614,,true,100,18,9,14,,,2,200000,150000
5,5,13,,,,,,,2026-08-06 10:15:30.150614,,true,100,7,4,16,,,2,200000,150000
5,5,13,,,,,,,2026-08-06 10:16:00.150614,,true,100,5,12,7,,,2,200000,150000
5,5,13,,,,,,,2026-08-06 10:16:30.150614,,true,100,7,13,3,,,2,200000,150000
5,5,13,,,,,,,2026-08-06 10:17:00.150614,,true,100,4,9,12,,,2,200000,150000
5,5,13,,,,,,,2026-08-06 10:17:30.150614,,true,100,12,7,11,,,2,200000,150000
5,5,13,,,,,,,2026-08-06 10:18:00.150614,,true,100,1,15,9,,,2,200000,150000
5,5,13,,,,,,,2026-08-06 10:18:30.150614,,true,100,15,0,0,,,2,200000,150000
5,5,13,,,,,,,2026-08-06 10:19:00.150614,,true,100,19,4,10,,,2,200000,150000
5,5,13,,,,,,,2026-08-06 10:19:30.150614,,true,100,16,0,2,,,2,200000,150000
5,5,13,,,,,,,2026-08-06 10:20:00.150614,,true,100,9,1,10,,,2,200000,150000
5,5,13,,,,,,,2026-08-06 10:20:30.150614,,true,100,1,1,6,,,2,200000,150000
5,5,13,,,,,,,2026-08-06 10:21:00.150614,,true,100,0,20,2,,,2,200000,150000
5,5,13,,,,,,,2026-08-06 10:21:30.150614,,true,100,16,4,16,,,2,200000,150000
5,5,13,,,,,,,2026-08-06 10:22:00.150614,,true,100,8,10,1,,,2,200000,150000
5,5,13,,,,,,,2026-08-06 10:22:30.150614,,true,100,2,5,0,,,2,200000,150000
5,5,13,,,,,,,2026-08-06 10:23:00.150614,,true,100,13,18,9,,,2,200000,150000
5,5,13,,,,,,,2026-08-06 10:23:30.150614,,true,100,9,7,20,,,2,200000,150000
5,5,13,,,,,,,2026-08-06 10:24:00.150614,,true,100,3,10,17,,,2,200000,150000
5,5,13,,,,,,,2026-08-06 10:24:30.150614,,true,100,15,0,16,,,2,200000,150000
5,5,13,,,,,,,2026-08-06 10:25:00.150614,,true,100,13,14,0,,,2,200000,150000
5,5,13,,,,,,,2026-08-06 10:25:30.150614,,true,100,3,16,20,,,2,200000,150000
5,5,13,,,,,,,2026-08-06 10:26:00.150614,,true,100,4,13,13,,,2,200000,150000
5,5,13,,,,,,,2026-08-06 10:26:30.150614,,true,100,9,6,17,,,2,200000,150000
5,5,13,,,,,,,2026-08-06 10:27:00.150614,,true,100,8,13,20,,,2,200000,150000
5,5,13,,,,,,,2026-08-06 10:27:30.150614,,true,100,13,19,19,,,2,200000,150000
5,5,13,,,,,,,2026-08-06 10:28:00.150614,,true,100,2,18,11,,,2,200000,150000
5,5,13,,,,,,,2026-08-06 10:28:30.150614,,true,100,2,7,8,,,2,200000,150000
5,5,13,,,,,,,2026-08-06 10:29:00.150614,,true,100,5,15,15,,,2,200000,150000
5,5,13,,,,,,,2026-08-06 10:29:30.150614,,true,100,15,16,1,,,2,200000,150000
5,5,13,,,,,,,2026-08-06 10:30:00.150614,,true,100,9,6,9,,,2,200000,150000
5,5,13,,,,,,,2026-08-06 10:30:30.150614,,true,100,4,14,18,,,2,200000,150000
5,5,13,,,,,,,2026-08-06 10:31:00.150614,,true,100,14,10,17,,,2,200000,150000
5,5,13,,,,,,,2026-08-06 10:31:30.150614,,true,100,11,7,11,,,2,200000,150000
5,5,13,,,,,,,2026-08-06 10:32:00.150614,,true,100,1,18,0,,,2,200000,150000
5,5,13,,,,,,,2026-08-06 10:32:30.150614,,true,100,10,6,2,,,2,200000,150000
5,5,13,,,,,,,2026-08-06 10:33:00.150614,,true,100,17,2,19,,,2,200000,150000
5,5,13,,,,,,,2026-08-06 10:33:30.150614,,true,100,0,17,20,,,2,200000,150000
5,5,13,,,,,,,2026-08-06 10:34:00.150614,,true,100,17,11,10,,,2,200000,150000
5,5,13,,,,,,,2026-08-06 10:34:30.150614,,true,100,0,4,8,,,2,200000,150000
5,5,13,,,,,,,2026-08-06 10:35:00.150614,,true,100,6,20,12,,,2,200000,150000
5,5,13,,,,,,,2026-08-06 10:35:30.150614,,true,100,8,20,7,,,2,200000,150000
5,5,13,,,,,,,2026-08-06 10:36:00.150614,,true,100,9,17,0,,,2,200000,150000
5,5,13,,,,,,,2026-08-06 10:36:30.150614,,true,100,12,9,14,,,2,200000,150000
5,5,13,,,,,,,2026-08-06 10:37:00.150614,,true,100,17,2,20,,,2,200000,150000
5,5,13,,,,,,,2026-08-06 10:37:30.150614,,true,100,4,13,13,,,2,200000,150000
5,5,13,,,,,,,2026-08-06 10:38:00.150614,,true,100,6,13,14,,,2,200000,150000
5,5,13,,,,,,,2026-08-06 10:38:30.150614,,true,100,9,12,4,,,2,200000,150000
5,5,13,,,,,,,2026-08-06 10:39:00.150614,,true,100,7,8,15,,,2,200000,150000
5,5,13,,,,,,,2026-08-06 10:39:30.150614,,true,100,18,4,15,,,2,200000,150000
5,5,13,,,,,,,2026-08-06 10:40:00.150614,,true,100,5,8,5,,,2,200000,150000
5,5,13,,,,,,,2026-08-06 10:40:30.150614,,true,100,2,15,13,,,2,200000,150000
5,5,13,,,,,,,2026-08-06 10:41:00.150614,,true,100,2,20,11,,,2,200000,150000
5,5,13,,,,,,,2026-08-06 10:41:30.150614,,true,100,1,3,20,,,2,200000,150000
5,5,13,,,,,,,2026-08-06 10:42:00.150614,,true,100,1,18,16,,,2,200000,150000
5,5,13,,,,,,,2026-08-06 10:42:30.150614,,true,100,6,11,4,,,2,200000,150000
5,5,13,,,,,,,2026-08-06 10:43:00.150614,,true,100,12,17,17,,,2,200000,150000
5,5,13,,,,,,,2026-08-06 10:43:30.150614,,true,100,20,17,4,,,2,200000,150000
5,5,13,,,,,,,2026-08-06 10:44:00.150614,,true,100,0,9,14,,,2,200000,150000
5,5,13,,,,,,,2026-08-06 10:44:30.150614,,true,100,13,6,19,,,2,200000,150000
5,5,13,,,,,,,2026-08-06 10:45:00.150614,,true,100,8,15,1,,,2,200000,150000
5,5,13,,,,,,,2026-08-06 10:45:30.150614,,true,100,0,5,1,,,2,200000,150000
5,5,13,,,,,,,2026-08-06 10:46:00.150614,,true,100,17,20,6,,,2,200000,150000
5,5,13,,,,,,,2026-08-06 10:46:30.150614,,true,100,5,2,20,,,2,200000,150000
5,5,13,,,,,,,2026-08-06 10:47:00.150614,,true,100,17,2,0,,,2,200000,150000
5,5,13,,,,,,,2026-08-06 10:47:30.150614,,true,100,11,9,15,,,2,200000,150000
5,5,13,,,,,,,2026-08-06 10:48:00.150614,,true,100,4,6,15,,,2,200000,150000
5,5,13,,,,,,,2026-08-06 10:48:30.150614,,true,100,12,16,14,,,2,200000,150000
5,5,13,,,,,,,2026-08-06 10:49:00.150614,,true,100,8,18,19,,,2,200000,150000
5,5,13,,,,,,,2026-08-06 10:49:30.150614,,true,100,15,16,17,,,2,200000,150000
5,5,13,,,,,,,2026-08-06 10:50:00.150614,,true,100,20,6,9,,,2,200000,150000
5,5,13,,,,,,,2026-08-06 10:50:30.150614,,true,100,13,6,3,,,2,200000,150000
5,5,13,,,,,,,2026-08-06 10:51:00.150614,,true,100,13,8,12,,,2,200000,150000
5,5,13,,,,,,,2026-08-06 10:51:30.150614,,true,100,15,1,10,,,2,200000,150000
5,5,13,,,,,,,2026-08-06 10:52:00.150614,,true,100,8,20,4,,,2,200000,150000
5,5,13,,,,,,,2026-08-06 10:52:30.150614,,true,100,15,14,14,,,2,200000,150000
5,5,13,,,,,,,2026-08-06 10:53:00.150614,,true,100,18,10,18,,,2,200000,150000
5,5,13,,,,,,,2026-08-06 10:53:30.150614,,true,100,18,5,3,,,2,200000,150000
5,5,13,,,,,,,2026-08-06 10:54:00.150614,,true,100,7,5,20,,,2,200000,150000
5,5,13,,,,,,,2026-08-06 10:54:30.150614,,true,100,5,20,11,,,2,200000,150000
5,5,13,,,,,,,2026-08-06 10:55:00.150614,,true,100,18,17,2,,,2,200000,150000
5,5,13,,,,,,,2026-08-06 10:55:30.150614,,true,100,6,18,9,,,2,200000,150000
5,5,13,,,,,,,2026-08-06 10:56:00.150614,,true,100,2,5,15,,,2,200000,150000
5,5,13,,,,,,,2026-08-06 10:56:30.150614,,true,100,11,2,18,,,2,200000,150000
5,5,13,,,,,,,2026-08-06 10:57:00.150614,,true,100,14,3,0,,,2,200000,150000
5,5,13,,,,,,,2026-08-06 10:57:30.150614,,true,100,19,1,18,,,2,200000,150000
5,5,13,,,,,,,2026-08-06 10:58:00.150614,,true,100,17,7,20,,,2,200000,150000
5,5,13,,,,,,,2026-08-06 10:58:30.150614,,true,100,3,19,17,,,2,200000,150000
5,5,13,,,,,,,2026-08-06 10:59:00.150614,,true,100,4,11,6,,,2,200000,150000
5,5,13,,,,,,,2026-08-06 10:59:30.150614,,true,100,10,10,1,,,2,200000,150000
5,5,13,,,,,,,2026-08-06 11:00:00.150614,,true,100,17,18,5,,,2,200000,150000
5,5,13,,,,,,,2026-08-06 11:00:30.150614,,true,100,3,12,13,,,2,200000,150000
5,5,13,,,,,,,2026-08-06 11:01:00.150614,,true,100,11,7,12,,,2,200000,150000
5,5,13,,,,,,,2026-08-06 11:01:30.150614,,true,100,19,9,16,,,2,200000,150000
5,5,13,,,,,,,2026-08-06 11:02:00.150614,,true,100,12,18,1,,,2,200000,150000
5,5,13,,,,,,,2026-08-06 11:02:30.150614,,true,100,18,15,11,,,2,200000,150000
5,5,13,,,,,,,2026-08-06 11:03:00.150614,,true,100,16,4,14,,,2,200000,150000
5,5,13,,,,,,,2026-08-06 11:03:30.150614,,true,100,3,14,2,,,2,200000,150000
5,5,13,,,,,,,2026-08-06 11:04:00.150614,,true,100,16,12,10,,,2,200000,150000
5,5,13,,,,,,,2026-08-06 11:04:30.150614,,true,100,12,2,20,,,2,200000,150000
5,5,13,,,,,,,2026-08-06 11:05:00.150614,,true,100,4,4,13,,,2,200000,150000
5,5,13,,,,,,,2026-08-06 11:05:30.150614,,true,100,10,1,14,,,2,200000,150000
5,5,13,,,,,,,2026-08-06 11:06:00.150614,,true,100,15,2,18,,,2,200000,150000
5,5,13,,,,,,,2026-08-06 11:06:30.150614,,true,100,19,4,19,,,2,200000,150000
5,5,13,,,,,,,2026-08-06 11:07:00.150614,,true,100,17,6,12,,,2,200000,150000
5,5,13,,,,,,,2026-08-06 11:07:30.150614,,true,100,14,2,3,,,2,200000,150000
5,5,13,,,,,,,2026-08-06 11:08:00.150614,,true,100,15,8,19,,,2,200000,150000
5,5,13,,,,,,,2026-08-06 11:08:30.150614,,true,100,16,19,17,,,2,200000,150000
5,5,13,,,,,,,2026-08-06 11:09:00.150614,,true,100,15,11,18,,,2,200000,150000
5,5,13,,,,,,,2026-08-06 11:09:30.150614,,true,100,8,20,12,,,2,200000,150000
5,5,13,,,,,,,2026-08-06 11:10:00.150614,,true,100,12,0,9,,,2,200000,150000
5,5,13,,,,,,,2026-08-06 11:10:30.150614,,true,100,7,6,6,,,2,200000,150000
5,5,13,,,,,,,2026-08-06 11:11:00.150614,,true,100,6,7,0,,,2,200000,150000
5,5,13,,,,,,,2026-08-06 11:11:30.150614,,true,100,1,6,1,,,2,200000,150000
5,5,13,,,,,,,2026-08-06 11:12:00.150614,,true,100,17,9,16,,,2,200000,150000
5,5,13,,,,,,,2026-08-06 11:12:30.150614,,true,100,13,10,18,,,2,200000,150000
5,5,13,,,,,,,2026-08-06 11:13:00.150614,,true,100,17,2,2,,,2,200000,150000
5,5,13,,,,,,,2026-08-06 11:13:30.150614,,true,100,19,15,5,,,2,200000,150000
5,5,13,,,,,,,2026-08-06 11:14:00.150614,,true,100,10,20,5,,,2,200000,150000
5,5,13,,,,,,,2026-08-06 11:14:30.150614,,true,100,19,4,4,,,2,200000,150000
5,5,13,,,,,,,2026-08-06 11:15:00.150614,,true,100,2,17,4,,,2,200000,150000
5,5,13,,,,,,,2026-08-06 11:15:30.150614,,true,100,14,4,8,,,2,200000,150000
5,5,13,,,,,,,2026-08-06 11:16:00.150614,,true,100,20,15,14,,,2,200000,150000
5,5,13,,,,,,,2026-08-06 11:16:30.150614,,true,100,7,19,13,,,2,200000,150000
5,5,13,,,,,,,2026-08-06 11:17:00.150614,,true,100,9,9,15,,,2,200000,150000
5,5,13,,,,,,,2026-08-06 11:17:30.150614,,true,100,4,3,19,,,2,200000,150000
5,5,13,,,,,,,2026-08-06 11:18:00.150614,,true,100,6,12,0,,,2,200000,150000
5,5,13,,,,,,,2026-08-06 11:18:30.150614,,true,100,6,19,18,,,2,200000,150000
5,5,13,,,,,,,2026-08-06 11:19:00.150614,,true,100,8,13,13,,,2,200000,150000
5,5,13,,,,,,,2026-08-06 11:19:30.150614,,true,100,15,12,8,,,2,200000,150000
5,5,13,,,,,,,2026-08-06 11:20:00.150614,,true,100,9,17,7,,,2,200000,150000
5,5,13,,,,,,,2026-08-06 11:20:30.150614,,true,100,6,11,1,,,2,200000,150000
5,5,13,,,,,,,2026-08-06 11:21:00.150614,,true,100,9,14,19,,,2,200000,150000
5,5,13,,,,,,,2026-08-06 11:21:30.150614,,true,100,20,10,9,,,2,200000,150000
5,5,13,,,,,,,2026-08-06 11:22:00.150614,,true,100,13,1,19,,,2,200000,150000
5,5,13,,,,,,,2026-08-06 11:22:30.150614,,true,100,18,19,3,,,2,200000,150000
5,5,13,,,,,,,2026-08-06 11:23:00.150614,,true,100,14,6,13,,,2,200000,150000
5,5,13,,,,,,,2026-08-06 11:23:30.150614,,true,100,9,4,6,,,2,200000,150000
5,5,13,,,,,,,2026-08-06 11:24:00.150614,,true,100,4,4,2,,,2,200000,150000
5,5,13,,,,,,,2026-08-06 11:24:30.150614,,true,100,2,16,18,,,2,200000,150000
5,5,13,,,,,,,2026-08-06 11:25:00.150614,,true,100,6,19,9,,,2,200000,150000
5,5,13,,,,,,,2026-08-06 11:25:30.150614,,true,100,12,4,1,,,2,200000,150000
5,5,13,,,,,,,2026-08-06 11:26:00.150614,,true,100,20,17,3,,,2,200000,150000
5,5,13,,,,,,,2026-08-06 11:26:30.150614,,true,100,19,6,15,,,2,200000,150000
5,5,13,,,,,,,2026-08-06 11:27:00.150614,,true,100,16,2,6,,,2,200000,150000
5,5,13,,,,,,,2026-08-06 11:27:30.150614,,true,100,12,17,18,,,2,200000,150000
5,5,13,,,,,,,2026-08-06 11:28:00.150614,,true,100,15,2,12,,,2,200000,150000
5,5,13,,,,,,,2026-08-06 11:28:30.150614,,true,100,20,7,10,,,2,200000,150000
5,5,13,,,,,,,2026-08-06 11:29:00.150614,,true,100,11,3,1,,,2,200000,150000
5,5,13,,,,,,,2026-08-06 11:29:30.150614,,true,100,0,16,12,,,2,200000,150000
5,5,13,,,,,,,2026-08-06 11:30:00.150614,,true,100,1,17,16,,,2,200000,150000
5,5,13,,,,,,,2026-08-06 11:30:30.150614,,true,100,18,3,10,,,2,200000,150000
5,5,13,,,,,,,2026-08-06 11:31:00.150614,,true,100,12,6,5,,,2,200000,150000
5,5,13,,,,,,,2026-08-06 11:31:30.150614,,true,100,20,16,8,,,2,200000,150000
5,5,13,,,,,,,2026-08-06 11:32:00.150614,,true,100,20,9,6,,,2,200000,150000
5,5,13,,,,,,,2026-08-06 11:32:30.150614,,true,100,6,6,11,,,2,200000,150000
5,5,13,,,,,,,2026-08-06 11:33:00.150614,,true,100,9,9,20,,,2,200000,150000
5,5,13,,,,,,,2026-08-06 11:33:30.150614,,true,100,10,8,8,,,2,200000,150000
5,5,13,,,,,,,2026-08-06 11:34:00.150614,,true,100,2,10,3,,,2,200000,150000
5,5,13,,,,,,,2026-08-06 11:34:30.150614,,true,100,3,8,17,,,2,200000,150000
5,5,13,,,,,,,2026-08-06 11:35:00.150614,,true,100,17,16,6,,,2,200000,150000
5,5,13,,,,,,,2026-08-06 11:35:30.150614,,true,100,14,2,18,,,2,200000,150000
5,5,13,,,,,,,2026-08-06 11:36:00.150614,,true,100,12,11,17,,,2,200000,150000
5,5,13,,,,,,,2026-08-06 11:36:30.150614,,true,100,13,7,19,,,2,200000,150000
5,5,13,,,,,,,2026-08-06 11:37:00.150614,,true,100,2,14,14,,,2,200000,150000
5,5,13,,,,,,,2026-08-06 11:37:30.150614,,true,100,0,10,2,,,2,200000,150000
5,5,13,,,,,,,2026-08-06 11:38:00.150614,,true,100,14,18,2,,,2,200000,150000
5,5,13,,,,,,,2026-08-06 11:38:30.150614,,true,100,19,11,9,,,2,200000,150000
5,5,13,,,,,,,2026-08-06 11:39:00.150614,,true,100,7,9,13,,,2,200000,150000
5,5,13,,,,,,,2026-08-06 11:39:30.150614,,true,100,5,11,2,,,2,200000,150000
5,5,13,,,,,,,2026-08-06 11:40:00.150614,,true,100,10,8,9,,,2,200000,150000
5,5,13,,,,,,,2026-08-06 11:40:30.150614,,true,100,19,11,15,,,2,200000,150000
5,5,13,,,,,,,2026-08-06 11:41:00.150614,,true,100,20,17,3,,,2,200000,150000
5,5,13,,,,,,,2026-08-06 11:41:30.150614,,true,100,20,8,4,,,2,200000,150000
5,5,13,,,,,,,2026-08-06 11:42:00.150614,,true,100,1,14,18,,,2,200000,150000
5,5,13,,,,,,,2026-08-06 11:42:30.150614,,true,100,20,4,7,,,2,200000,150000
5,5,13,,,,,,,2026-08-06 11:43:00.150614,,true,100,13,12,20,,,2,200000,150000
5,5,13,,,,,,,2026-08-06 11:43:30.150614,,true,100,3,3,1,,,2,200000,150000
5,5,13,,,,,,,2026-08-06 11:44:00.150614,,true,100,6,1,5,,,2,200000,150000
5,5,13,,,,,,,2026-08-06 11:44:30.150614,,true,100,13,17,5,,,2,200000,150000
5,5,13,,,,,,,2026-08-06 11:45:00.150614,,true,100,7,12,18,,,2,200000,150000
5,5,13,,,,,,,2026-08-06 11:45:30.150614,,true,100,11,15,1,,,2,200000,150000
5,5,13,,,,,,,2026-08-06 11:46:00.150614,,true,100,12,11,13,,,2,200000,150000
5,5,13,,,,,,,2026-08-06 11:46:30.150614,,true,100,20,3,3,,,2,200000,150000
5,5,13,,,,,,,2026-08-06 11:47:00.150614,,true,100,8,2,20,,,2,200000,150000
5,5,13,,,,,,,2026-08-06 11:47:30.150614,,true,100,6,8,0,,,2,200000,150000
5,5,13,,,,,,,2026-08-06 11:48:00.150614,,true,100,16,3,2,,,2,200000,150000
5,5,13,,,,,,,2026-08-06 11:48:30.150614,,true,100,16,20,13,,,2,200000,150000
5,5,13,,,,,,,2026-08-06 11:49:00.150614,,true,100,18,1,6,,,2,200000,150000
5,5,13,,,,,,,2026-08-06 11:49:30.150614,,true,100,16,3,17,,,2,200000,150000
5,5,13,,,,,,,2026-08-06 11:50:00.150614,,true,100,13,19,7,,,2,200000,150000
5,5,13,,,,,,,2026-08-06 11:50:30.150614,,true,100,13,10,12,,,2,200000,150000
5,5,13,,,,,,,2026-08-06 11:51:00.150614,,true,100,17,20,14,,,2,200000,150000
5,5,13,,,,,,,2026-08-06 11:51:30.150614,,true,100,14,8,10,,,2,200000,150000
5,5,13,,,,,,,2026-08-06 11:52:00.150614,,true,100,18,20,12,,,2,200000,150000
5,5,13,,,,,,,2026-08-06 11:52:30.150614,,true,100,18,4,15,,,2,200000,150000
5,5,13,,,,,,,2026-08-06 11:53:00.150614,,true,100,1,6,8,,,2,200000,150000
5,5,13,,,,,,,2026-08-06 11:53:30.150614,,true,100,9,8,5,,,2,200000,150000
5,5,13,,,,,,,2026-08-06 11:54:00.150614,,true,100,16,1,14,,,2,200000,150000
5,5,13,,,,,,,2026-08-06 11:54:30.150614,,true,100,0,19,18,,,2,200000,150000
5,5,13,,,,,,,2026-08-06 11:55:00.150614,,true,100,20,14,3,,,2,200000,150000
5,5,13,,,,,,,2026-08-06 11:55:30.150614,,true,100,2,9,15,,,2,200000,150000
5,5,13,,,,,,,2026-08-06 11:56:00.150614,,true,100,5,11,11,,,2,200000,150000
5,5,13,,,,,,,2026-08-06 11:56:30.150614,,true,100,9,16,5,,,2,200000,150000
5,5,13,,,,,,,2026-08-06 11:57:00.150614,,true,100,2,8,0,,,2,200000,150000
5,5,13,,,,,,,2026-08-06 11:57:30.150614,,true,100,6,18,9,,,2,200000,150000
5,5,13,,,,,,,2026-08-06 11:58:00.150614,,true,100,15,16,6,,,2,200000,150000
5,5,13,,,,,,,2026-08-06 11:58:30.150614,,true,100,2,10,9,,,2,200000,150000
5,5,13,,,,,,,2026-08-06 11:59:00.150614,,true,100,5,19,3,,,2,200000,150000
5,5,13,,,,,,,2026-08-06 11:59:30.150614,,true,100,9,5,5,,,2,200000,150000
5,5,13,,,,,,,2026-08-06 12:00:00.150614,,true,100,19,1,18,,,2,200000,150000
5,5,13,,,,,,,2026-08-06 12:00:30.150614,,true,100,3,13,11,,,2,200000,150000
5,5,13,,,,,,,2026-08-06 12:01:00.150614,,true,100,5,17,0,,,2,200000,150000
5,5,13,,,,,,,2026-08-06 12:01:30.150614,,true,100,8,17,11,,,2,200000,150000
5,5,13,,,,,,,2026-08-06 12:02:00.150614,,true,100,7,12,12,,,2,200000,150000
5,5,13,,,,,,,2026-08-06 12:02:30.150614,,true,100,19,1,10,,,2,200000,150000
5,5,13,,,,,,,2026-08-06 12:03:00.150614,,true,100,4,17,2,,,2,200000,150000
5,5,13,,,,,,,2026-08-06 12:03:30.150614,,true,100,3,8,17,,,2,200000,150000
5,5,13,,,,,,,2026-08-06 12:04:00.150614,,true,100,12,8,3,,,2,200000,150000
5,5,13,,,,,,,2026-08-06 12:04:30.150614,,true,100,0,1,13,,,2,200000,150000
5,5,13,,,,,,,2026-08-06 12:05:00.150614,,true,100,19,0,17,,,2,200000,150000
5,5,13,,,,,,,2026-08-06 12:05:30.150614,,true,100,16,11,16,,,2,200000,150000
5,5,13,,,,,,,2026-08-06 12:06:00.150614,,true,100,9,20,9,,,2,200000,150000
5,5,13,,,,,,,2026-08-06 12:06:30.150614,,true,100,20,19,20,,,2,200000,150000
5,5,13,,,,,,,2026-08-06 12:07:00.150614,,true,100,7,19,4,,,2,200000,150000
5,5,13,,,,,,,2026-08-06 12:07:30.150614,,true,100,1,12,1,,,2,200000,150000
5,5,13,,,,,,,2026-08-06 12:08:00.150614,,true,100,10,11,17,,,2,200000,150000
5,5,13,,,,,,,2026-08-06 12:08:30.150614,,true,100,16,14,1,,,2,200000,150000
5,5,13,,,,,,,2026-08-06 12:09:00.150614,,true,100,20,14,8,,,2,200000,150000
5,5,13,,,,,,,2026-08-06 12:09:30.150614,,true,100,8,9,16,,,2,200000,150000
5,5,13,,,,,,,2026-08-06 12:10:00.150614,,true,100,19,19,0,,,2,200000,150000
5,5,13,,,,,,,2026-08-06 12:10:30.150614,,true,100,3,10,18,,,2,200000,150000
5,5,13,,,,,,,2026-08-06 12:11:00.150614,,true,100,0,4,19,,,2,200000,150000
5,5,13,,,,,,,2026-08-06 12:11:30.150614,,true,100,20,19,1,,,2,200000,150000
5,5,13,,,,,,,2026-08-06 12:12:00.150614,,true,100,4,8,5,,,2,200000,150000
5,5,13,,,,,,,2026-08-06 12:12:30.150614,,true,100,7,5,6,,,2,200000,150000
5,5,13,,,,,,,2026-08-06 12:13:00.150614,,true,100,1,2,5,,,2,200000,150000
5,5,13,,,,,,,2026-08-06 12:13:30.150614,,true,100,6,1,16,,,2,200000,150000
5,5,13,,,,,,,2026-08-06 12:14:00.150614,,true,100,16,17,11,,,2,200000,150000
5,5,13,,,,,,,2026-08-06 12:14:30.150614,,true,100,10,7,5,,,2,200000,150000
5,5,13,,,,,,,2026-08-06 12:15:00.150614,,true,100,12,2,19,,,2,200000,150000
5,5,13,,,,,,,2026-08-06 12:15:30.150614,,true,100,19,10,0,,,2,200000,150000
5,5,13,,,,,,,2026-08-06 12:16:00.150614,,true,100,4,3,19,,,2,200000,150000
5,5,13,,,,,,,2026-08-06 12:16:30.150614,,true,100,10,9,17,,,2,200000,150000
5,5,13,,,,,,,2026-08-06 12:17:00.150614,,true,100,9,12,1,,,2,200000,150000
5,5,13,,,,,,,2026-08-06 12:17:30.150614,,true,100,2,6,2,,,2,200000,150000
5,5,13,,,,,,,2026-08-06 12:18:00.150614,,true,100,11,15,17,,,2,200000,150000
5,5,13,,,,,,,2026-08-06 12:18:30.150614,,true,100,16,18,18,,,2,200000,150000
5,5,13,,,,,,,2026-08-06 12:19:00.150614,,true,100,1,19,20,,,2,200000,150000
5,5,13,,,,,,,2026-08-06 12:19:30.150614,,true,100,17,16,7,,,2,200000,150000
5,5,13,,,,,,,2026-08-06 12:20:00.150614,,true,100,0,15,12,,,2,200000,150000
5,5,13,,,,,,,2026-08-06 12:20:30.150614,,true,100,16,15,8,,,2,200000,150000
5,5,13,,,,,,,2026-08-06 12:21:00.150614,,true,100,5,10,12,,,2,200000,150000
5,5,13,,,,,,,2026-08-06 12:21:30.150614,,true,100,11,20,7,,,2,200000,150000
5,5,13,,,,,,,2026-08-06 12:22:00.150614,,true,100,8,5,4,,,2,200000,150000
5,5,13,,,,,,,2026-08-06 12:22:30.150614,,true,100,6,10,12,,,2,200000,150000
5,5,13,,,,,,,2026-08-06 12:23:00.150614,,true,100,10,15,9,,,2,200000,150000
5,5,13,,,,,,,2026-08-06 12:23:30.150614,,true,100,7,8,5,,,2,200000,150000
5,5,13,,,,,,,2026-08-06 12:24:00.150614,,true,100,1,9,18,,,2,200000,150000
5,5,13,,,,,,,2026-08-06 12:24:30.150614,,true,100,13,8,13,,,2,200000,150000
5,5,13,,,,,,,2026-08-06 12:25:00.150614,,true,100,6,4,6,,,2,200000,150000
5,5,13,,,,,,,2026-08-06 12:25:30.150614,,true,100,2,9,13,,,2,200000,150000
5,5,13,,,,,,,2026-08-06 12:26:00.150614,,true,100,19,14,6,,,2,200000,150000
5,5,13,,,,,,,2026-08-06 12:26:30.150614,,true,100,4,3,20,,,2,200000,150000
5,5,13,,,,,,,2026-08-06 12:27:00.150614,,true,100,5,7,17,,,2,200000,150000
5,5,13,,,,,,,2026-08-06 12:27:30.150614,,true,100,10,5,7,,,2,200000,150000
5,5,13,,,,,,,2026-08-06 12:28:00.150614,,true,100,16,19,10,,,2,200000,150000
5,5,13,,,,,,,2026-08-06 12:28:30.150614,,true,100,13,16,10,,,2,200000,150000
5,5,13,,,,,,,2026-08-06 12:29:00.150614,,true,100,12,10,17,,,2,200000,150000
5,5,13,,,,,,,2026-08-06 12:29:30.150614,,true,100,8,18,15,,,2,200000,150000
5,5,13,,,,,,,2026-08-06 12:30:00.150614,,true,100,2,10,14,,,2,200000,150000
5,5,13,,,,,,,2026-08-06 12:30:30.150614,,true,100,18,14,14,,,2,200000,150000
5,5,13,,,,,,,2026-08-06 12:31:00.150614,,true,100,8,17,3,,,2,200000,150000
5,5,13,,,,,,,2026-08-06 12:31:30.150614,,true,100,1,0,15,,,2,200000,150000
5,5,13,,,,,,,2026-08-06 12:32:00.150614,,true,100,19,0,4,,,2,200000,150000
5,5,13,,,,,,,2026-08-06 12:32:30.150614,,true,100,5,13,18,,,2,200000,150000
5,5,13,,,,,,,2026-08-06 12:33:00.150614,,true,100,2,7,19,,,2,200000,150000
5,5,13,,,,,,,2026-08-06 12:33:30.150614,,true,100,8,18,17,,,2,200000,150000
5,5,13,,,,,,,2026-08-06 12:34:00.150614,,true,100,1,14,13,,,2,200000,150000
5,5,13,,,,,,,2026-08-06 12:34:30.150614,,true,100,2,0,6,,,2,200000,150000
5,5,13,,,,,,,2026-08-06 12:35:00.150614,,true,100,10,14,9,,,2,200000,150000
5,5,13,,,,,,,2026-08-06 12:35:30.150614,,true,100,16,4,9,,,2,200000,150000
5,5,13,,,,,,,2026-08-06 12:36:00.150614,,true,100,18,12,10,,,2,200000,150000
5,5,13,,,,,,,2026-08-06 12:36:30.150614,,true,100,10,0,4,,,2,200000,150000
5,5,13,,,,,,,2026-08-06 12:37:00.150614,,true,100,9,5,9,,,2,200000,150000
5,5,13,,,,,,,2026-08-06 12:37:30.150614,,true,100,18,3,0,,,2,200000,150000
5,5,13,,,,,,,2026-08-06 12:38:00.150614,,true,100,7,17,17,,,2,200000,150000
5,5,13,,,,,,,2026-08-06 12:38:30.150614,,true,100,7,5,10,,,2,200000,150000
5,5,13,,,,,,,2026-08-06 12:39:00.150614,,true,100,2,17,4,,,2,200000,150000
5,5,13,,,,,,,2026-08-06 12:39:30.150614,,true,100,15,19,2,,,2,200000,150000
5,5,13,,,,,,,2026-08-06 12:40:00.150614,,true,100,11,13,11,,,2,200000,150000
5,5,13,,,,,,,2026-08-06 12:40:30.150614,,true,100,2,14,1,,,2,200000,150000
5,5,13,,,,,,,2026-08-06 12:41:00.150614,,true,100,18,8,4,,,2,200000,150000
5,5,13,,,,,,,2026-08-06 12:41:30.150614,,true,100,6,20,12,,,2,200000,150000
5,5,13,,,,,,,2026-08-06 12:42:00.150614,,true,100,11,2,3,,,2,200000,150000
5,5,13,,,,,,,2026-08-06 12:42:30.150614,,true,100,0,12,10,,,2,200000,150000
5,5,13,,,,,,,2026-08-06 12:43:00.150614,,true,100,13,0,15,,,2,200000,150000
5,5,13,,,,,,,2026-08-06 12:43:30.150614,,true,100,10,1,4,,,2,200000,150000
5,5,13,,,,,,,2026-08-06 12:44:00.150614,,true,100,8,2,11,,,2,200000,150000
5,5,13,,,,,,,2026-08-06 12:44:30.150614,,true,100,11,17,15,,,2,200000,150000
5,5,13,,,,,,,2026-08-06 12:45:00.150614,,true,100,13,14,15,,,2,200000,150000
5,5,13,,,,,,,2026-08-06 12:45:30.150614,,true,100,13,16,2,,,2,200000,150000
5,5,13,,,,,,,2026-08-06 12:46:00.150614,,true,100,10,2,3,,,2,200000,150000
5,5,13,,,,,,,2026-08-06 12:46:30.150614,,true,100,3,12,7,,,2,200000,150000
5,5,13,,,,,,,2026-08-06 12:47:00.150614,,true,100,0,6,12,,,2,200000,150000
5,5,13,,,,,,,2026-08-06 12:47:30.150614,,true,100,6,7,1,,,2,200000,150000
5,5,13,,,,,,,2026-08-06 12:48:00.150614,,true,100,11,20,7,,,2,200000,150000
5,5,13,,,,,,,2026-08-06 12:48:30.150614,,true,100,1,2,15,,,2,200000,150000
5,5,13,,,,,,,2026-08-06 12:49:00.150614,,true,100,11,5,14,,,2,200000,150000
5,5,13,,,,,,,2026-08-06 12:49:30.150614,,true,100,2,17,9,,,2,200000,150000
5,5,13,,,,,,,2026-08-06 12:50:00.150614,,true,100,15,10,0,,,2,200000,150000
5,5,13,,,,,,,2026-08-06 12:50:30.150614,,true,100,0,16,5,,,2,200000,150000
5,5,13,,,,,,,2026-08-06 12:51:00.150614,,true,100,2,15,16,,,2,200000,150000
5,5,13,,,,,,,2026-08-06 12:51:30.150614,,true,100,5,18,19,,,2,200000,150000
5,5,13,,,,,,,2026-08-06 12:52:00.150614,,true,100,6,4,20,,,2,200000,150000
5,5,13,,,,,,,2026-08-06 12:52:30.150614,,true,100,11,12,9,,,2,200000,150000
5,5,13,,,,,,,2026-08-06 12:53:00.150614,,true,100,18,5,19,,,2,200000,150000
5,5,13,,,,,,,2026-08-06 12:53:30.150614,,true,100,17,11,10,,,2,200000,150000
5,5,13,,,,,,,2026-08-06 12:54:00.150614,,true,100,17,17,10,,,2,200000,150000
5,5,13,,,,,,,2026-08-06 12:54:30.150614,,true,100,3,16,5,,,2,200000,150000
5,5,13,,,,,,,2026-08-06 12:55:00.150614,,true,100,8,8,2,,,2,200000,150000
5,5,13,,,,,,,2026-08-06 12:55:30.150614,,true,100,16,20,10,,,2,200000,150000
5,5,13,,,,,,,2026-08-06 12:56:00.150614,,true,100,0,4,18,,,2,200000,150000
5,5,13,,,,,,,2026-08-06 12:56:30.150614,,true,100,8,2,19,,,2,200000,150000
5,5,13,,,,,,,2026-08-06 12:57:00.150614,,true,100,15,15,20,,,2,200000,150000
5,5,13,,,,,,,2026-08-06 12:57:30.150614,,true,100,1,4,2,,,2,200000,150000
5,5,13,,,,,,,2026-08-06 12:58:00.150614,,true,100,6,6,19,,,2,200000,150000
5,5,13,,,,,,,2026-08-06 12:58:30.150614,,true,100,4,2,19,,,2,200000,150000
5,5,13,,,,,,,2026-08-06 12:59:00.150614,,true,100,13,2,19,,,2,200000,150000
5,5,13,,,,,,,2026-08-06 12:59:30.150614,,true,100,2,15,20,,,2,200000,150000
5,5,13,,,,,,,2026-08-06 13:00:00.150614,,true,100,20,4,11,,,2,200000,150000
5,5,13,,,,,,,2026-08-06 13:00:30.150614,,true,100,1,2,15,,,2,200000,150000
5,5,13,,,,,,,2026-08-06 13:01:00.150614,,true,100,18,8,5,,,2,200000,150000
5,5,13,,,,,,,2026-08-06 13:01:30.150614,,true,100,5,20,15,,,2,200000,150000
5,5,13,,,,,,,2026-08-06 13:02:00.150614,,true,100,13,15,10,,,2,200000,150000
5,5,13,,,,,,,2026-08-06 13:02:30.150614,,true,100,20,16,12,,,2,200000,150000
5,5,13,,,,,,,2026-08-06 13:03:00.150614,,true,100,13,11,18,,,2,200000,150000
5,5,13,,,,,,,2026-08-06 13:03:30.150614,,true,100,2,19,11,,,2,200000,150000
5,5,13,,,,,,,2026-08-06 13:04:00.150614,,true,100,2,5,11,,,2,200000,150000
5,5,13,,,,,,,2026-08-06 13:04:30.150614,,true,100,1,11,19,,,2,200000,150000
5,5,13,,,,,,,2026-08-06 13:05:00.150614,,true,100,11,13,11,,,2,200000,150000
5,5,13,,,,,,,2026-08-06 13:05:30.150614,,true,100,4,10,1,,,2,200000,150000
5,5,13,,,,,,,2026-08-06 13:06:00.150614,,true,100,14,11,20,,,2,200000,150000
5,5,13,,,,,,,2026-08-06 13:06:30.150614,,true,100,3,8,2,,,2,200000,150000
5,5,13,,,,,,,2026-08-06 13:07:00.150614,,true,100,17,10,0,,,2,200000,150000
5,5,13,,,,,,,2026-08-06 13:07:30.150614,,true,100,1,6,11,,,2,200000,150000
5,5,13,,,,,,,2026-08-06 13:08:00.150614,,true,100,13,2,7,,,2,200000,150000
5,5,13,,,,,,,2026-08-06 13:08:30.150614,,true,100,6,5,8,,,2,200000,150000
5,5,13,,,,,,,2026-08-06 13:09:00.150614,,true,100,9,5,9,,,2,200000,150000
5,5,13,,,,,,,2026-08-06 13:09:30.150614,,true,100,17,19,18,,,2,200000,150000
5,5,13,,,,,,,2026-08-06 13:10:00.150614,,true,100,1,5,17,,,2,200000,150000
5,5,13,,,,,,,2026-08-06 13:10:30.150614,,true,100,17,16,15,,,2,200000,150000
5,5,13,,,,,,,2026-08-06 13:11:00.150614,,true,100,1,6,1,,,2,200000,150000
5,5,13,,,,,,,2026-08-06 13:11:30.150614,,true,100,4,16,11,,,2,200000,150000
5,5,13,,,,,,,2026-08-06 13:12:00.150614,,true,100,8,5,11,,,2,200000,150000
5,5,13,,,,,,,2026-08-06 13:12:30.150614,,true,100,19,4,18,,,2,200000,150000
5,5,13,,,,,,,2026-08-06 13:13:00.150614,,true,100,13,13,13,,,2,200000,150000
5,5,13,,,,,,,2026-08-06 13:13:30.150614,,true,100,5,8,4,,,2,200000,150000
5,5,13,,,,,,,2026-08-06 13:14:00.150614,,true,100,11,15,10,,,2,200000,150000
5,5,13,,,,,,,2026-08-06 13:14:30.150614,,true,100,20,2,18,,,2,200000,150000
5,5,13,,,,,,,2026-08-06 13:15:00.150614,,true,100,15,4,1,,,2,200000,150000
5,5,13,,,,,,,2026-08-06 13:15:30.150614,,true,100,9,0,13,,,2,200000,150000
5,5,13,,,,,,,2026-08-06 13:16:00.150614,,true,100,3,11,6,,,2,200000,150000
5,5,13,,,,,,,2026-08-06 13:16:30.150614,,true,100,9,13,1,,,2,200000,150000
5,5,13,,,,,,,2026-08-06 13:17:00.150614,,true,100,2,16,0,,,2,200000,150000
5,5,13,,,,,,,2026-08-06 13:17:30.150614,,true,100,19,9,18,,,2,200000,150000
5,5,13,,,,,,,2026-08-06 13:18:00.150614,,true,100,9,19,16,,,2,200000,150000
5,5,13,,,,,,,2026-08-06 13:18:30.150614,,true,100,12,10,8,,,2,200000,150000
5,5,13,,,,,,,2026-08-06 13:19:00.150614,,true,100,9,4,9,,,2,200000,150000
5,5,13,,,,,,,2026-08-06 13:19:30.150614,,true,100,11,7,18,,,2,200000,150000
5,5,13,,,,,,,2026-08-06 13:20:00.150614,,true,100,7,10,14,,,2,200000,150000
5,5,13,,,,,,,2026-08-06 13:20:30.150614,,true,100,16,5,3,,,2,200000,150000
5,5,13,,,,,,,2026-08-06 13:21:00.150614,,true,100,5,0,1,,,2,200000,150000
5,5,13,,,,,,,2026-08-06 13:21:30.150614,,true,100,1,13,9,,,2,200000,150000
5,5,13,,,,,,,2026-08-06 13:22:00.150614,,true,100,1,2,9,,,2,200000,150000
5,5,13,,,,,,,2026-08-06 13:22:30.150614,,true,100,9,20,17,,,2,200000,150000
5,5,13,,,,,,,2026-08-06 13:23:00.150614,,true,100,4,15,7,,,2,200000,150000
5,5,13,,,,,,,2026-08-06 13:23:30.150614,,true,100,14,13,19,,,2,200000,150000
5,5,13,,,,,,,2026-08-06 13:24:00.150614,,true,100,7,5,11,,,2,200000,150000
5,5,13,,,,,,,2026-08-06 13:24:30.150614,,true,100,7,9,10,,,2,200000,150000
5,5,13,,,,,,,2026-08-06 13:25:00.150614,,true,100,4,4,4,,,2,200000,150000
5,5,13,,,,,,,2026-08-06 13:25:30.150614,,true,100,14,6,19,,,2,200000,150000
5,5,13,,,,,,,2026-08-06 13:26:00.150614,,true,100,0,12,18,,,2,200000,150000
5,5,13,,,,,,,2026-08-06 13:26:30.150614,,true,100,4,14,0,,,2,200000,150000
5,5,13,,,,,,,2026-08-06 13:27:00.150614,,true,100,0,20,8,,,2,200000,150000
5,5,13,,,,,,,2026-08-06 13:27:30.150614,,true,100,13,9,12,,,2,200000,150000
5,5,13,,,,,,,2026-08-06 13:28:00.150614,,true,100,11,18,6,,,2,200000,150000
5,5,13,,,,,,,2026-08-06 13:28:30.150614,,true,100,20,20,4,,,2,200000,150000
5,5,13,,,,,,,2026-08-06 13:29:00.150614,,true,100,6,3,7,,,2,200000,150000
5,5,13,,,,,,,2026-08-06 13:29:30.150614,,true,100,8,1,10,,,2,200000,150000
5,5,13,,,,,,,2026-08-06 13:30:00.150614,,true,100,11,0,4,,,2,200000,150000
5,5,13,,,,,,,2026-08-06 13:30:30.150614,,true,100,8,7,13,,,2,200000,150000
5,5,13,,,,,,,2026-08-06 13:31:00.150614,,true,100,10,12,19,,,2,200000,150000
5,5,13,,,,,,,2026-08-06 13:31:30.150614,,true,100,16,20,11,,,2,200000,150000
5,5,13,,,,,,,2026-08-06 13:32:00.150614,,true,100,12,10,19,,,2,200000,150000
5,5,13,,,,,,,2026-08-06 13:32:30.150614,,true,100,8,15,16,,,2,200000,150000
5,5,13,,,,,,,2026-08-06 13:33:00.150614,,true,100,19,9,13,,,2,200000,150000
5,5,13,,,,,,,2026-08-06 13:33:30.150614,,true,100,12,12,5,,,2,200000,150000
5,5,13,,,,,,,2026-08-06 13:34:00.150614,,true,100,1,13,12,,,2,200000,150000
5,5,13,,,,,,,2026-08-06 13:34:30.150614,,true,100,0,15,6,,,2,200000,150000
5,5,13,,,,,,,2026-08-06 13:35:00.150614,,true,100,5,16,13,,,2,200000,150000
5,5,13,,,,,,,2026-08-06 13:35:30.150614,,true,100,14,4,19,,,2,200000,150000
5,5,13,,,,,,,2026-08-06 13:36:00.150614,,true,100,11,4,4,,,2,200000,150000
5,5,13,,,,,,,2026-08-06 13:36:30.150614,,true,100,17,20,15,,,2,200000,150000
5,5,13,,,,,,,2026-08-06 13:37:00.150614,,true,100,9,7,7,,,2,200000,150000
5,5,13,,,,,,,2026-08-06 13:37:30.150614,,true,100,2,19,2,,,2,200000,150000
5,5,13,,,,,,,2026-08-06 13:38:00.150614,,true,100,6,5,6,,,2,200000,150000
5,5,13,,,,,,,2026-08-06 13:38:30.150614,,true,100,20,11,1,,,2,200000,150000
5,5,13,,,,,,,2026-08-06 13:39:00.150614,,true,100,20,16,3,,,2,200000,150000
5,5,13,,,,,,,2026-08-06 13:39:30.150614,,true,100,9,11,4,,,2,200000,150000
5,5,13,,,,,,,2026-08-06 13:40:00.150614,,true,100,15,11,8,,,2,200000,150000
5,5,13,,,,,,,2026-08-06 13:40:30.150614,,true,100,0,14,20,,,2,200000,150000
5,5,13,,,,,,,2026-08-06 13:41:00.150614,,true,100,2,13,17,,,2,200000,150000
5,5,13,,,,,,,2026-08-06 13:41:30.150614,,true,100,4,0,10,,,2,200000,150000
5,5,13,,,,,,,2026-08-06 13:42:00.150614,,true,100,14,10,1,,,2,200000,150000
5,5,13,,,,,,,2026-08-06 13:42:30.150614,,true,100,11,17,13,,,2,200000,150000
5,5,13,,,,,,,2026-08-06 13:43:00.150614,,true,100,2,16,3,,,2,200000,150000
5,5,13,,,,,,,2026-08-06 13:43:30.150614,,true,100,10,5,13,,,2,200000,150000
5,5,13,,,,,,,2026-08-06 13:44:00.150614,,true,100,20,0,16,,,2,200000,150000
5,5,13,,,,,,,2026-08-06 13:44:30.150614,,true,100,11,0,7,,,2,200000,150000
5,5,13,,,,,,,2026-08-06 13:45:00.150614,,true,100,2,8,17,,,2,200000,150000
5,5,13,,,,,,,2026-08-06 13:45:30.150614,,true,100,1,13,19,,,2,200000,150000
5,5,13,,,,,,,2026-08-06 13:46:00.150614,,true,100,13,13,16,,,2,200000,150000
5,5,13,,,,,,,2026-08-06 13:46:30.150614,,true,100,1,10,10,,,2,200000,150000
5,5,13,,,,,,,2026-08-06 13:47:00.150614,,true,100,4,18,20,,,2,200000,150000
5,5,13,,,,,,,2026-08-06 13:47:30.150614,,true,100,14,11,19,,,2,200000,150000
5,5,13,,,,,,,2026-08-06 13:48:00.150614,,true,100,12,18,7,,,2,200000,150000
5,5,13,,,,,,,2026-08-06 13:48:30.150614,,true,100,0,0,5,,,2,200000,150000
5,5,13,,,,,,,2026-08-06 13:49:00.150614,,true,100,13,15,18,,,2,200000,150000
5,5,13,,,,,,,2026-08-06 13:49:30.150614,,true,100,8,18,0,,,2,200000,150000
5,5,13,,,,,,,2026-08-06 13:50:00.150614,,true,100,0,3,14,,,2,200000,150000
5,5,13,,,,,,,2026-08-06 13:50:30.150614,,true,100,10,20,13,,,2,200000,150000
5,5,13,,,,,,,2026-08-06 13:51:00.150614,,true,100,17,20,19,,,2,200000,150000
5,5,13,,,,,,,2026-08-06 13:51:30.150614,,true,100,7,11,19,,,2,200000,150000
5,5,13,,,,,,,2026-08-06 13:52:00.150614,,true,100,15,12,19,,,2,200000,150000
5,5,13,,,,,,,2026-08-06 13:52:30.150614,,true,100,4,20,1,,,2,200000,150000
5,5,13,,,,,,,2026-08-06 13:53:00.150614,,true,100,11,4,0,,,2,200000,150000
5,5,13,,,,,,,2026-08-06 13:53:30.150614,,true,100,15,7,8,,,2,200000,150000
5,5,13,,,,,,,2026-08-06 13:54:00.150614,,true,100,18,20,20,,,2,200000,150000
5,5,13,,,,,,,2026-08-06 13:54:30.150614,,true,100,20,7,14,,,2,200000,150000
5,5,13,,,,,,,2026-08-06 13:55:00.150614,,true,100,3,1,9,,,2,200000,150000
5,5,13,,,,,,,2026-08-06 13:55:30.150614,,true,100,0,6,9,,,2,200000,150000
5,5,13,,,,,,,2026-08-06 13:56:00.150614,,true,100,1,1,10,,,2,200000,150000
5,5,13,,,,,,,2026-08-06 13:56:30.150614,,true,100,10,11,12,,,2,200000,150000
5,5,13,,,,,,,2026-08-06 13:57:00.150614,,true,100,3,13,5,,,2,200000,150000
5,5,13,,,,,,,2026-08-06 13:57:30.150614,,true,100,2,3,5,,,2,200000,150000
5,5,13,,,,,,,2026-08-06 13:58:00.150614,,true,100,8,5,1,,,2,200000,150000
5,5,13,,,,,,,2026-08-06 13:58:30.150614,,true,100,3,8,18,,,2,200000,150000
5,5,13,,,,,,,2026-08-06 13:59:00.150614,,true,100,10,14,12,,,2,200000,150000
5,5,13,,,,,,,2026-08-06 13:59:30.150614,,true,100,19,2,9,,,2,200000,150000
5,5,13,,,,,,,2026-08-06 14:00:00.150614,,true,100,12,3,14,,,2,200000,150000
5,5,13,,,,,,,2026-08-06 14:00:30.150614,,true,100,19,2,18,,,2,200000,150000
5,5,13,,,,,,,2026-08-06 14:01:00.150614,,true,100,7,8,8,,,2,200000,150000
5,5,13,,,,,,,2026-08-06 14:01:30.150614,,true,100,18,1,2,,,2,200000,150000
5,5,13,,,,,,,2026-08-06 14:02:00.150614,,true,100,4,0,17,,,2,200000,150000
5,5,13,,,,,,,2026-08-06 14:02:30.150614,,true,100,6,8,12,,,2,200000,150000
5,5,13,,,,,,,2026-08-06 14:03:00.150614,,true,100,10,13,2,,,2,200000,150000
5,5,13,,,,,,,2026-08-06 14:03:30.150614,,true,100,9,15,14,,,2,200000,150000
5,5,13,,,,,,,2026-08-06 14:04:00.150614,,true,100,13,5,6,,,2,200000,150000
5,5,13,,,,,,,2026-08-06 14:04:30.150614,,true,100,16,13,11,,,2,200000,150000
5,5,13,,,,,,,2026-08-06 14:05:00.150614,,true,100,5,20,16,,,2,200000,150000
5,5,13,,,,,,,2026-08-06 14:05:30.150614,,true,100,1,9,12,,,2,200000,150000
5,5,13,,,,,,,2026-08-06 14:06:00.150614,,true,100,20,5,20,,,2,200000,150000
5,5,13,,,,,,,2026-08-06 14:06:30.150614,,true,100,17,12,7,,,2,200000,150000
5,5,13,,,,,,,2026-08-06 14:07:00.150614,,true,100,15,10,17,,,2,200000,150000
5,5,13,,,,,,,2026-08-06 14:07:30.150614,,true,100,0,4,9,,,2,200000,150000
5,5,13,,,,,,,2026-08-06 14:08:00.150614,,true,100,0,9,9,,,2,200000,150000
5,5,13,,,,,,,2026-08-06 14:08:30.150614,,true,100,8,1,18,,,2,200000,150000
5,5,13,,,,,,,2026-08-06 14:09:00.150614,,true,100,14,0,11,,,2,200000,150000
5,5,13,,,,,,,2026-08-06 14:09:30.150614,,true,100,9,20,3,,,2,200000,150000
5,5,13,,,,,,,2026-08-06 14:10:00.150614,,true,100,9,18,12,,,2,200000,150000
5,5,13,,,,,,,2026-08-06 14:10:30.150614,,true,100,5,19,12,,,2,200000,150000
5,5,13,,,,,,,2026-08-06 14:11:00.150614,,true,100,15,1,13,,,2,200000,150000
5,5,13,,,,,,,2026-08-06 14:11:30.150614,,true,100,19,5,13,,,2,200000,150000
5,5,13,,,,,,,2026-08-06 14:12:00.150614,,true,100,0,14,10,,,2,200000,150000
5,5,13,,,,,,,2026-08-06 14:12:30.150614,,true,100,8,15,3,,,2,200000,150000
5,5,13,,,,,,,2026-08-06 14:13:00.150614,,true,100,11,3,11,,,2,200000,150000
5,5,13,,,,,,,2026-08-06 14:13:30.150614,,true,100,2,5,8,,,2,200000,150000
5,5,13,,,,,,,2026-08-06 14:14:00.150614,,true,100,11,9,8,,,2,200000,150000
5,5,13,,,,,,,2026-08-06 14:14:30.150614,,true,100,1,20,16,,,2,200000,150000
5,5,13,,,,,,,2026-08-06 14:15:00.150614,,true,100,7,2,19,,,2,200000,150000
5,5,13,,,,,,,2026-08-06 14:15:30.150614,,true,100,0,14,11,,,2,200000,150000
5,5,13,,,,,,,2026-08-06 14:16:00.150614,,true,100,20,1,14,,,2,200000,150000
5,5,13,,,,,,,2026-08-06 14:16:30.150614,,true,100,4,4,8,,,2,200000,150000
5,5,13,,,,,,,2026-08-06 14:17:00.150614,,true,100,18,4,3,,,2,200000,150000
5,5,13,,,,,,,2026-08-06 14:17:30.150614,,true,100,20,10,6,,,2,200000,150000
5,5,13,,,,,,,2026-08-06 14:18:00.150614,,true,100,18,3,20,,,2,200000,150000
5,5,13,,,,,,,2026-08-06 14:18:30.150614,,true,100,6,1,8,,,2,200000,150000
5,5,13,,,,,,,2026-08-06 14:19:00.150614,,true,100,17,9,14,,,2,200000,150000
5,5,13,,,,,,,2026-08-06 14:19:30.150614,,true,100,7,0,2,,,2,200000,150000
5,5,13,,,,,,,2026-08-06 14:20:00.150614,,true,100,15,5,2,,,2,200000,150000
5,5,13,,,,,,,2026-08-06 14:20:30.150614,,true,100,1,18,2,,,2,200000,150000
5,5,13,,,,,,,2026-08-06 14:21:00.150614,,true,100,2,15,10,,,2,200000,150000
5,5,13,,,,,,,2026-08-06 14:21:30.150614,,true,100,18,5,13,,,2,200000,150000
5,5,13,,,,,,,2026-08-06 14:22:00.150614,,true,100,17,19,5,,,2,200000,150000
5,5,13,,,,,,,2026-08-06 14:22:30.150614,,true,100,11,5,5,,,2,200000,150000
5,5,13,,,,,,,2026-08-06 14:23:00.150614,,true,100,20,17,6,,,2,200000,150000
5,5,13,,,,,,,2026-08-06 14:23:30.150614,,true,100,19,17,18,,,2,200000,150000
5,5,13,,,,,,,2026-08-06 14:24:00.150614,,true,100,17,17,13,,,2,200000,150000
5,5,13,,,,,,,2026-08-06 14:24:30.150614,,true,100,19,6,17,,,2,200000,150000
5,5,13,,,,,,,2026-08-06 14:25:00.150614,,true,100,11,20,19,,,2,200000,150000
5,5,13,,,,,,,2026-08-06 14:25:30.150614,,true,100,4,5,6,,,2,200000,150000
5,5,13,,,,,,,2026-08-06 14:26:00.150614,,true,100,6,13,6,,,2,200000,150000
5,5,13,,,,,,,2026-08-06 14:26:30.150614,,true,100,0,17,4,,,2,200000,150000
5,5,13,,,,,,,2026-08-06 14:27:00.150614,,true,100,15,13,19,,,2,200000,150000
5,5,13,,,,,,,2026-08-06 14:27:30.150614,,true,100,13,18,13,,,2,200000,150000
5,5,13,,,,,,,2026-08-06 14:28:00.150614,,true,100,19,0,9,,,2,200000,150000
5,5,13,,,,,,,2026-08-06 14:28:30.150614,,true,100,4,11,14,,,2,200000,150000
5,5,13,,,,,,,2026-08-06 14:29:00.150614,,true,100,1,10,2,,,2,200000,150000
5,5,13,,,,,,,2026-08-06 14:29:30.150614,,true,100,6,4,15,,,2,200000,150000
5,5,13,,,,,,,2026-08-06 14:30:00.150614,,true,100,5,6,13,,,2,200000,150000
5,5,13,,,,,,,2026-08-06 14:30:30.150614,,true,100,18,5,19,,,2,200000,150000
5,5,13,,,,,,,2026-08-06 14:31:00.150614,,true,100,17,5,14,,,2,200000,150000
5,5,13,,,,,,,2026-08-06 14:31:30.150614,,true,100,17,18,8,,,2,200000,150000
5,5,13,,,,,,,2026-08-06 14:32:00.150614,,true,100,19,1,14,,,2,200000,150000
5,5,13,,,,,,,2026-08-06 14:32:30.150614,,true,100,14,14,18,,,2,200000,150000
5,5,13,,,,,,,2026-08-06 14:33:00.150614,,true,100,15,6,0,,,2,200000,150000
5,5,13,,,,,,,2026-08-06 14:33:30.150614,,true,100,0,3,8,,,2,200000,150000
5,5,13,,,,,,,2026-08-06 14:34:00.150614,,true,100,18,10,18,,,2,200000,150000
5,5,13,,,,,,,2026-08-06 14:34:30.150614,,true,100,0,3,2,,,2,200000,150000
5,5,13,,,,,,,2026-08-06 14:35:00.150614,,true,100,4,15,14,,,2,200000,150000
5,5,13,,,,,,,2026-08-06 14:35:30.150614,,true,100,10,6,6,,,2,200000,150000
5,5,13,,,,,,,2026-08-06 14:36:00.150614,,true,100,4,19,2,,,2,200000,150000
5,5,13,,,,,,,2026-08-06 14:36:30.150614,,true,100,10,4,3,,,2,200000,150000
5,5,13,,,,,,,2026-08-06 14:37:00.150614,,true,100,9,10,4,,,2,200000,150000
5,5,13,,,,,,,2026-08-06 14:37:30.150614,,true,100,17,1,15,,,2,200000,150000
5,5,13,,,,,,,2026-08-06 14:38:00.150614,,true,100,5,16,8,,,2,200000,150000
5,5,13,,,,,,,2026-08-06 14:38:30.150614,,true,100,16,12,19,,,2,200000,150000
5,5,13,,,,,,,2026-08-06 14:39:00.150614,,true,100,1,1,17,,,2,200000,150000
5,5,13,,,,,,,2026-08-06 14:39:30.150614,,true,100,19,6,8,,,2,200000,150000
5,5,13,,,,,,,2026-08-06 14:40:00.150614,,true,100,7,15,4,,,2,200000,150000
5,5,13,,,,,,,2026-08-06 14:40:30.150614,,true,100,15,2,8,,,2,200000,150000
5,5,13,,,,,,,2026-08-06 14:41:00.150614,,true,100,20,11,6,,,2,200000,150000
5,5,13,,,,,,,2026-08-06 14:41:30.150614,,true,100,3,16,1,,,2,200000,150000
5,5,13,,,,,,,2026-08-06 14:42:00.150614,,true,100,20,1,9,,,2,200000,150000
5,5,13,,,,,,,2026-08-06 14:42:30.150614,,true,100,14,12,20,,,2,200000,150000
5,5,13,,,,,,,2026-08-06 14:43:00.150614,,true,100,19,1,14,,,2,200000,150000
5,5,13,,,,,,,2026-08-06 14:43:30.150614,,true,100,6,6,12,,,2,200000,150000
5,5,13,,,,,,,2026-08-06 14:44:00.150614,,true,100,0,7,6,,,2,200000,150000
5,5,13,,,,,,,2026-08-06 14:44:30.150614,,true,100,12,15,15,,,2,200000,150000
5,5,13,,,,,,,2026-08-06 14:45:00.150614,,true,100,19,10,16,,,2,200000,150000
5,5,13,,,,,,,2026-08-06 14:45:30.150614,,true,100,3,3,16,,,2,200000,150000
5,5,13,,,,,,,2026-08-06 14:46:00.150614,,true,100,5,7,18,,,2,200000,150000
5,5,13,,,,,,,2026-08-06 14:46:30.150614,,true,100,0,16,16,,,2,200000,150000
5,5,13,,,,,,,2026-08-06 14:47:00.150614,,true,100,12,14,20,,,2,200000,150000
5,5,13,,,,,,,2026-08-06 14:47:30.150614,,true,100,10,13,11,,,2,200000,150000
5,5,13,,,,,,,2026-08-06 14:48:00.150614,,true,100,9,14,12,,,2,200000,150000
5,5,13,,,,,,,2026-08-06 14:48:30.150614,,true,100,5,6,1,,,2,200000,150000
5,5,13,,,,,,,2026-08-06 14:49:00.150614,,true,100,0,3,0,,,2,200000,150000
5,5,13,,,,,,,2026-08-06 14:49:30.150614,,true,100,14,10,8,,,2,200000,150000
5,5,13,,,,,,,2026-08-06 14:50:00.150614,,true,100,20,20,17,,,2,200000,150000
5,5,13,,,,,,,2026-08-06 14:50:30.150614,,true,100,6,0,4,,,2,200000,150000
5,5,13,,,,,,,2026-08-06 14:51:00.150614,,true,100,8,2,17,,,2,200000,150000
5,5,13,,,,,,,2026-08-06 14:51:30.150614,,true,100,2,11,2,,,2,200000,150000
5,5,13,,,,,,,2026-08-06 14:52:00.150614,,true,100,13,0,7,,,2,200000,150000
5,5,13,,,,,,,2026-08-06 14:52:30.150614,,true,100,7,6,19,,,2,200000,150000
5,5,13,,,,,,,2026-08-06 14:53:00.150614,,true,100,10,3,12,,,2,200000,150000
5,5,13,,,,,,,2026-08-06 14:53:30.150614,,true,100,5,20,1,,,2,200000,150000
5,5,13,,,,,,,2026-08-06 14:54:00.150614,,true,100,7,20,7,,,2,200000,150000
5,5,13,,,,,,,2026-08-06 14:54:30.150614,,true,100,12,6,19,,,2,200000,150000
5,5,13,,,,,,,2026-08-06 14:55:00.150614,,true,100,0,18,13,,,2,200000,150000
5,5,13,,,,,,,2026-08-06 14:55:30.150614,,true,100,7,7,2,,,2,200000,150000
5,5,13,,,,,,,2026-08-06 14:56:00.150614,,true,100,3,19,15,,,2,200000,150000
5,5,13,,,,,,,2026-08-06 14:56:30.150614,,true,100,5,1,14,,,2,200000,150000
5,5,13,,,,,,,2026-08-06 14:57:00.150614,,true,100,6,6,4,,,2,200000,150000
5,5,13,,,,,,,2026-08-06 14:57:30.150614,,true,100,14,2,11,,,2,200000,150000
5,5,13,,,,,,,2026-08-06 14:58:00.150614,,true,100,0,5,16,,,2,200000,150000
5,5,13,,,,,,,2026-08-06 14:58:30.150614,,true,100,20,0,13,,,2,200000,150000
5,5,13,,,,,,,2026-08-06 14:59:00.150614,,true,100,16,0,16,,,2,200000,150000
5,5,13,,,,,,,2026-08-06 14:59:30.150614,,true,100,8,11,10,,,2,200000,150000
5,5,13,,,,,,,2026-08-06 15:00:00.150614,,true,100,14,15,9,,,2,200000,150000
5,5,13,,,,,,,2026-08-06 15:00:30.150614,,true,100,6,0,5,,,2,200000,150000
5,5,13,,,,,,,2026-08-06 15:01:00.150614,,true,100,5,16,19,,,2,200000,150000
5,5,13,,,,,,,2026-08-06 15:01:30.150614,,true,100,11,6,2,,,2,200000,150000
5,5,13,,,,,,,2026-08-06 15:02:00.150614,,true,100,18,13,12,,,2,200000,150000
5,5,13,,,,,,,2026-08-06 15:02:30.150614,,true,100,15,0,7,,,2,200000,150000
5,5,13,,,,,,,2026-08-06 15:03:00.150614,,true,100,11,1,2,,,2,200000,150000
5,5,13,,,,,,,2026-08-06 15:03:30.150614,,true,100,17,8,1,,,2,200000,150000
5,5,13,,,,,,,2026-08-06 15:04:00.150614,,true,100,1,16,11,,,2,200000,150000
5,5,13,,,,,,,2026-08-06 15:04:30.150614,,true,100,17,4,7,,,2,200000,150000
5,5,13,,,,,,,2026-08-06 15:05:00.150614,,true,100,7,18,1,,,2,200000,150000
5,5,13,,,,,,,2026-08-06 15:05:30.150614,,true,100,14,3,9,,,2,200000,150000
5,5,13,,,,,,,2026-08-06 15:06:00.150614,,true,100,1,14,17,,,2,200000,150000
5,5,13,,,,,,,2026-08-06 15:06:30.150614,,true,100,7,9,2,,,2,200000,150000
5,5,13,,,,,,,2026-08-06 15:07:00.150614,,true,100,5,14,4,,,2,200000,150000
5,5,13,,,,,,,2026-08-06 15:07:30.150614,,true,100,13,15,6,,,2,200000,150000
5,5,13,,,,,,,2026-08-06 15:08:00.150614,,true,100,17,15,15,,,2,200000,150000
5,5,13,,,,,,,2026-08-06 15:08:30.150614,,true,100,9,10,16,,,2,200000,150000
5,5,13,,,,,,,2026-08-06 15:09:00.150614,,true,100,10,17,8,,,2,200000,150000
5,5,13,,,,,,,2026-08-06 15:09:30.150614,,true,100,17,9,2,,,2,200000,150000
5,5,13,,,,,,,2026-08-06 15:10:00.150614,,true,100,8,7,4,,,2,200000,150000
5,5,13,,,,,,,2026-08-06 15:10:30.150614,,true,100,14,15,18,,,2,200000,150000
5,5,13,,,,,,,2026-08-06 15:11:00.150614,,true,100,9,4,1,,,2,200000,150000
5,5,13,,,,,,,2026-08-06 15:11:30.150614,,true,100,4,3,16,,,2,200000,150000
5,5,13,,,,,,,2026-08-06 15:12:00.150614,,true,100,16,16,1,,,2,200000,150000
5,5,13,,,,,,,2026-08-06 15:12:30.150614,,true,100,4,18,0,,,2,200000,150000
5,5,13,,,,,,,2026-08-06 15:13:00.150614,,true,100,14,3,11,,,2,200000,150000
5,5,13,,,,,,,2026-08-06 15:13:30.150614,,true,100,9,8,0,,,2,200000,150000
5,5,13,,,,,,,2026-08-06 15:14:00.150614,,true,100,9,2,7,,,2,200000,150000
5,5,13,,,,,,,2026-08-06 15:14:30.150614,,true,100,19,16,9,,,2,200000,150000
5,5,13,,,,,,,2026-08-06 15:15:00.150614,,true,100,9,9,14,,,2,200000,150000
5,5,13,,,,,,,2026-08-06 15:15:30.150614,,true,100,17,3,20,,,2,200000,150000
5,5,13,,,,,,,2026-08-06 15:16:00.150614,,true,100,14,13,10,,,2,200000,150000
5,5,13,,,,,,,2026-08-06 15:16:30.150614,,true,100,11,5,8,,,2,200000,150000
5,5,13,,,,,,,2026-08-06 15:17:00.150614,,true,100,6,10,0,,,2,200000,150000
5,5,13,,,,,,,2026-08-06 15:17:30.150614,,true,100,17,5,19,,,2,200000,150000
5,5,13,,,,,,,2026-08-06 15:18:00.150614,,true,100,8,2,10,,,2,200000,150000
5,5,13,,,,,,,2026-08-06 15:18:30.150614,,true,100,8,15,17,,,2,200000,150000
5,5,13,,,,,,,2026-08-06 15:19:00.150614,,true,100,20,4,18,,,2,200000,150000
5,5,13,,,,,,,2026-08-06 15:19:30.150614,,true,100,8,0,18,,,2,200000,150000
5,5,13,,,,,,,2026-08-06 15:20:00.150614,,true,100,4,18,19,,,2,200000,150000
5,5,13,,,,,,,2026-08-06 15:20:30.150614,,true,100,9,13,7,,,2,200000,150000
5,5,13,,,,,,,2026-08-06 15:21:00.150614,,true,100,2,11,3,,,2,200000,150000
5,5,13,,,,,,,2026-08-06 15:21:30.150614,,true,100,6,8,6,,,2,200000,150000
5,5,13,,,,,,,2026-08-06 15:22:00.150614,,true,100,5,11,19,,,2,200000,150000
5,5,13,,,,,,,2026-08-06 15:22:30.150614,,true,100,11,16,6,,,2,200000,150000
5,5,13,,,,,,,2026-08-06 15:23:00.150614,,true,100,1,18,14,,,2,200000,150000
5,5,13,,,,,,,2026-08-06 15:23:30.150614,,true,100,14,0,17,,,2,200000,150000
5,5,13,,,,,,,2026-08-06 15:24:00.150614,,true,100,12,7,8,,,2,200000,150000
5,5,13,,,,,,,2026-08-06 15:24:30.150614,,true,100,0,12,20,,,2,200000,150000
5,5,13,,,,,,,2026-08-06 15:25:00.150614,,true,100,15,14,16,,,2,200000,150000
5,5,13,,,,,,,2026-08-06 15:25:30.150614,,true,100,0,10,2,,,2,200000,150000
5,5,13,,,,,,,2026-08-06 15:26:00.150614,,true,100,3,16,11,,,2,200000,150000
5,5,13,,,,,,,2026-08-06 15:26:30.150614,,true,100,20,3,14,,,2,200000,150000
5,5,13,,,,,,,2026-08-06 15:27:00.150614,,true,100,3,10,18,,,2,200000,150000
5,5,13,,,,,,,2026-08-06 15:27:30.150614,,true,100,20,12,14,,,2,200000,150000
5,5,13,,,,,,,2026-08-06 15:28:00.150614,,true,100,7,7,14,,,2,200000,150000
5,5,13,,,,,,,2026-08-06 15:28:30.150614,,true,100,16,4,13,,,2,200000,150000
5,5,13,,,,,,,2026-08-06 15:29:00.150614,,true,100,4,9,2,,,2,200000,150000
5,5,13,,,,,,,2026-08-06 15:29:30.150614,,true,100,1,19,8,,,2,200000,150000
5,5,13,,,,,,,2026-08-06 15:30:00.150614,,true,100,3,17,13,,,2,200000,150000
5,5,13,,,,,,,2026-08-06 15:30:30.150614,,true,100,3,16,9,,,2,200000,150000
5,5,13,,,,,,,2026-08-06 15:31:00.150614,,true,100,9,11,16,,,2,200000,150000
5,5,13,,,,,,,2026-08-06 15:31:30.150614,,true,100,19,16,5,,,2,200000,150000
5,5,13,,,,,,,2026-08-06 15:32:00.150614,,true,100,5,5,0,,,2,200000,150000
5,5,13,,,,,,,2026-08-06 15:32:30.150614,,true,100,14,17,5,,,2,200000,150000
5,5,13,,,,,,,2026-08-06 15:33:00.150614,,true,100,12,8,18,,,2,200000,150000
5,5,13,,,,,,,2026-08-06 15:33:30.150614,,true,100,3,2,15,,,2,200000,150000
5,5,13,,,,,,,2026-08-06 15:34:00.150614,,true,100,8,1,6,,,2,200000,150000
5,5,13,,,,,,,2026-08-06 15:34:30.150614,,true,100,10,12,15,,,2,200000,150000
5,5,13,,,,,,,2026-08-06 15:35:00.150614,,true,100,8,18,8,,,2,200000,150000
5,5,13,,,,,,,2026-08-06 15:35:30.150614,,true,100,6,12,13,,,2,200000,150000
5,5,13,,,,,,,2026-08-06 15:36:00.150614,,true,100,11,5,11,,,2,200000,150000
5,5,13,,,,,,,2026-08-06 15:36:30.150614,,true,100,10,17,2,,,2,200000,150000
5,5,13,,,,,,,2026-08-06 15:37:00.150614,,true,100,18,4,9,,,2,200000,150000
5,5,13,,,,,,,2026-08-06 15:37:30.150614,,true,100,11,8,7,,,2,200000,150000
5,5,13,,,,,,,2026-08-06 15:38:00.150614,,true,100,4,11,10,,,2,200000,150000
5,5,13,,,,,,,2026-08-06 15:38:30.150614,,true,100,13,1,18,,,2,200000,150000
5,5,13,,,,,,,2026-08-06 15:39:00.150614,,true,100,15,16,18,,,2,200000,150000
5,5,13,,,,,,,2026-08-06 15:39:30.150614,,true,100,20,5,16,,,2,200000,150000
5,5,13,,,,,,,2026-08-06 15:40:00.150614,,true,100,18,15,14,,,2,200000,150000
5,5,13,,,,,,,2026-08-06 15:40:30.150614,,true,100,6,20,18,,,2,200000,150000
5,5,13,,,,,,,2026-08-06 15:41:00.150614,,true,100,12,17,9,,,2,200000,150000
5,5,13,,,,,,,2026-08-06 15:41:30.150614,,true,100,19,3,12,,,2,200000,150000
5,5,13,,,,,,,2026-08-06 15:42:00.150614,,true,100,8,6,9,,,2,200000,150000
5,5,13,,,,,,,2026-08-06 15:42:30.150614,,true,100,17,3,10,,,2,200000,150000
5,5,13,,,,,,,2026-08-06 15:43:00.150614,,true,100,4,12,8,,,2,200000,150000
5,5,13,,,,,,,2026-08-06 15:43:30.150614,,true,100,7,1,20,,,2,200000,150000
5,5,13,,,,,,,2026-08-06 15:44:00.150614,,true,100,16,14,9,,,2,200000,150000
5,5,13,,,,,,,2026-08-06 15:44:30.150614,,true,100,17,17,9,,,2,200000,150000
5,5,13,,,,,,,2026-08-06 15:45:00.150614,,true,100,12,0,10,,,2,200000,150000
5,5,13,,,,,,,2026-08-06 15:45:30.150614,,true,100,16,8,4,,,2,200000,150000
5,5,13,,,,,,,2026-08-06 15:46:00.150614,,true,100,14,4,9,,,2,200000,150000
5,5,13,,,,,,,2026-08-06 15:46:30.150614,,true,100,4,0,5,,,2,200000,150000
5,5,13,,,,,,,2026-08-06 15:47:00.150614,,true,100,17,8,5,,,2,200000,150000
5,5,13,,,,,,,2026-08-06 15:47:30.150614,,true,100,3,12,15,,,2,200000,150000
5,5,13,,,,,,,2026-08-06 15:48:00.150614,,true,100,8,2,17,,,2,200000,150000
5,5,13,,,,,,,2026-08-06 15:48:30.150614,,true,100,0,19,7,,,2,200000,150000
5,5,13,,,,,,,2026-08-06 15:49:00.150614,,true,100,4,9,5,,,2,200000,150000
5,5,13,,,,,,,2026-08-06 15:49:30.150614,,true,100,1,13,0,,,2,200000,150000
5,5,13,,,,,,,2026-08-06 15:50:00.150614,,true,100,4,6,5,,,2,200000,150000
5,5,13,,,,,,,2026-08-06 15:50:30.150614,,true,100,15,13,9,,,2,200000,150000
5,5,13,,,,,,,2026-08-06 15:51:00.150614,,true,100,1,2,1,,,2,200000,150000
5,5,13,,,,,,,2026-08-06 15:51:30.150614,,true,100,7,15,1,,,2,200000,150000
5,5,13,,,,,,,2026-08-06 15:52:00.150614,,true,100,18,14,8,,,2,200000,150000
5,5,13,,,,,,,2026-08-06 15:52:30.150614,,true,100,16,12,11,,,2,200000,150000
5,5,13,,,,,,,2026-08-06 15:53:00.150614,,true,100,18,15,20,,,2,200000,150000
5,5,13,,,,,,,2026-08-06 15:53:30.150614,,true,100,11,17,11,,,2,200000,150000
5,5,13,,,,,,,2026-08-06 15:54:00.150614,,true,100,13,7,18,,,2,200000,150000
5,5,13,,,,,,,2026-08-06 15:54:30.150614,,true,100,8,7,6,,,2,200000,150000
5,5,13,,,,,,,2026-08-06 15:55:00.150614,,true,100,11,9,18,,,2,200000,150000
5,5,13,,,,,,,2026-08-06 15:55:30.150614,,true,100,5,17,7,,,2,200000,150000
5,5,13,,,,,,,2026-08-06 15:56:00.150614,,true,100,20,11,5,,,2,200000,150000
5,5,13,,,,,,,2026-08-06 15:56:30.150614,,true,100,20,13,13,,,2,200000,150000
5,5,13,,,,,,,2026-08-06 15:57:00.150614,,true,100,7,9,11,,,2,200000,150000
5,5,13,,,,,,,2026-08-06 15:57:30.150614,,true,100,7,8,14,,,2,200000,150000
5,5,13,,,,,,,2026-08-06 15:58:00.150614,,true,100,2,7,2,,,2,200000,150000
5,5,13,,,,,,,2026-08-06 15:58:30.150614,,true,100,5,18,3,,,2,200000,150000
5,5,13,,,,,,,2026-08-06 15:59:00.150614,,true,100,15,16,6,,,2,200000,150000
5,5,13,,,,,,,2026-08-06 15:59:30.150614,,true,100,13,2,8,,,2,200000,150000
5,5,13,,,,,,,2026-08-06 16:00:00.150614,,true,100,2,4,14,,,2,200000,150000
5,5,13,,,,,,,2026-08-06 16:00:30.150614,,true,100,12,2,8,,,2,200000,150000
5,5,13,,,,,,,2026-08-06 16:01:00.150614,,true,100,0,8,13,,,2,200000,150000
5,5,13,,,,,,,2026-08-06 16:01:30.150614,,true,100,8,9,8,,,2,200000,150000
5,5,13,,,,,,,2026-08-06 16:02:00.150614,,true,100,5,8,18,,,2,200000,150000
5,5,13,,,,,,,2026-08-06 16:02:30.150614,,true,100,17,15,3,,,2,200000,150000
5,5,13,,,,,,,2026-08-06 16:03:00.150614,,true,100,16,16,20,,,2,200000,150000
5,5,13,,,,,,,2026-08-06 16:03:30.150614,,true,100,4,3,20,,,2,200000,150000
5,5,13,,,,,,,2026-08-06 16:04:00.150614,,true,100,17,12,14,,,2,200000,150000
5,5,13,,,,,,,2026-08-06 16:04:30.150614,,true,100,8,20,13,,,2,200000,150000
5,5,13,,,,,,,2026-08-06 16:05:00.150614,,true,100,10,6,10,,,2,200000,150000
5,5,13,,,,,,,2026-08-06 16:05:30.150614,,true,100,14,9,16,,,2,200000,150000
5,5,13,,,,,,,2026-08-06 16:06:00.150614,,true,100,13,10,2,,,2,200000,150000
5,5,13,,,,,,,2026-08-06 16:06:30.150614,,true,100,1,11,8,,,2,200000,150000
5,5,13,,,,,,,2026-08-06 16:07:00.150614,,true,100,14,11,2,,,2,200000,150000
5,5,13,,,,,,,2026-08-06 16:07:30.150614,,true,100,0,2,2,,,2,200000,150000
5,5,13,,,,,,,2026-08-06 16:08:00.150614,,true,100,4,15,4,,,2,200000,150000
5,5,13,,,,,,,2026-08-06 16:08:30.150614,,true,100,11,20,15,,,2,200000,150000
5,5,13,,,,,,,2026-08-06 16:09:00.150614,,true,100,14,3,18,,,2,200000,150000
5,5,13,,,,,,,2026-08-06 16:09:30.150614,,true,100,20,11,4,,,2,200000,150000
5,5,13,,,,,,,2026-08-06 16:10:00.150614,,true,100,14,18,5,,,2,200000,150000
5,5,13,,,,,,,2026-08-06 16:10:30.150614,,true,100,10,14,2,,,2,200000,150000
5,5,13,,,,,,,2026-08-06 16:11:00.150614,,true,100,17,16,11,,,2,200000,150000
5,5,13,,,,,,,2026-08-06 16:11:30.150614,,true,100,7,18,6,,,2,200000,150000
5,5,13,,,,,,,2026-08-06 16:12:00.150614,,true,100,5,3,20,,,2,200000,150000
5,5,13,,,,,,,2026-08-06 16:12:30.150614,,true,100,10,4,18,,,2,200000,150000
5,5,13,,,,,,,2026-08-06 16:13:00.150614,,true,100,2,1,14,,,2,200000,150000
5,5,13,,,,,,,2026-08-06 16:13:30.150614,,true,100,10,15,11,,,2,200000,150000
5,5,13,,,,,,,2026-08-06 16:14:00.150614,,true,100,14,2,1,,,2,200000,150000
5,5,13,,,,,,,2026-08-06 16:14:30.150614,,true,100,8,6,1,,,2,200000,150000
5,5,13,,,,,,,2026-08-06 16:15:00.150614,,true,100,14,4,13,,,2,200000,150000
5,5,13,,,,,,,2026-08-06 16:15:30.150614,,true,100,10,15,8,,,2,200000,150000
5,5,13,,,,,,,2026-08-06 16:16:00.150614,,true,100,1,1,7,,,2,200000,150000
5,5,13,,,,,,,2026-08-06 16:16:30.150614,,true,100,1,5,5,,,2,200000,150000
5,5,13,,,,,,,2026-08-06 16:17:00.150614,,true,100,14,14,3,,,2,200000,150000
5,5,13,,,,,,,2026-08-06 16:17:30.150614,,true,100,17,12,1,,,2,200000,150000
5,5,13,,,,,,,2026-08-06 16:18:00.150614,,true,100,5,11,1,,,2,200000,150000
5,5,13,,,,,,,2026-08-06 16:18:30.150614,,true,100,17,2,20,,,2,200000,150000
5,5,13,,,,,,,2026-08-06 16:19:00.150614,,true,100,17,16,12,,,2,200000,150000
5,5,13,,,,,,,2026-08-06 16:19:30.150614,,true,100,8,1,1,,,2,200000,150000
5,5,13,,,,,,,2026-08-06 16:20:00.150614,,true,100,5,11,18,,,2,200000,150000
5,5,13,,,,,,,2026-08-06 16:20:30.150614,,true,100,6,3,2,,,2,200000,150000
5,5,13,,,,,,,2026-08-06 16:21:00.150614,,true,100,17,17,3,,,2,200000,150000
5,5,13,,,,,,,2026-08-06 16:21:30.150614,,true,100,1,1,2,,,2,200000,150000
5,5,13,,,,,,,2026-08-06 16:22:00.150614,,true,100,16,2,15,,,2,200000,150000
5,5,13,,,,,,,2026-08-06 16:22:30.150614,,true,100,19,15,11,,,2,200000,150000
5,5,13,,,,,,,2026-08-06 16:23:00.150614,,true,100,18,12,18,,,2,200000,150000
5,5,13,,,,,,,2026-08-06 16:23:30.150614,,true,100,1,10,12,,,2,200000,150000
5,5,13,,,,,,,2026-08-06 16:24:00.150614,,true,100,9,4,18,,,2,200000,150000
5,5,13,,,,,,,2026-08-06 16:24:30.150614,,true,100,8,12,14,,,2,200000,150000
5,5,13,,,,,,,2026-08-06 16:25:00.150614,,true,100,9,1,3,,,2,200000,150000
5,5,13,,,,,,,2026-08-06 16:25:30.150614,,true,100,6,6,3,,,2,200000,150000
5,5,13,,,,,,,2026-08-06 16:26:00.150614,,true,100,3,15,14,,,2,200000,150000
5,5,13,,,,,,,2026-08-06 16:26:30.150614,,true,100,17,1,17,,,2,200000,150000
5,5,13,,,,,,,2026-08-06 16:27:00.150614,,true,100,2,20,10,,,2,200000,150000
5,5,13,,,,,,,2026-08-06 16:27:30.150614,,true,100,17,13,11,,,2,200000,150000
5,5,13,,,,,,,2026-08-06 16:28:00.150614,,true,100,17,7,9,,,2,200000,150000
5,5,13,,,,,,,2026-08-06 16:28:30.150614,,true,100,18,7,8,,,2,200000,150000
5,5,13,,,,,,,2026-08-06 16:29:00.150614,,true,100,12,12,14,,,2,200000,150000
5,5,13,,,,,,,2026-08-06 16:29:30.150614,,true,100,19,0,11,,,2,200000,150000
5,5,13,,,,,,,2026-08-06 16:30:00.150614,,true,100,3,1,15,,,2,200000,150000
5,5,13,,,,,,,2026-08-06 16:30:30.150614,,true,100,4,10,16,,,2,200000,150000
5,5,13,,,,,,,2026-08-06 16:31:00.150614,,true,100,10,11,9,,,2,200000,150000
5,5,13,,,,,,,2026-08-06 16:31:30.150614,,true,100,11,5,7,,,2,200000,150000
5,5,13,,,,,,,2026-08-06 16:32:00.150614,,true,100,20,1,12,,,2,200000,150000
5,5,13,,,,,,,2026-08-06 16:32:30.150614,,true,100,3,20,17,,,2,200000,150000
5,5,13,,,,,,,2026-08-06 16:33:00.150614,,true,100,20,17,13,,,2,200000,150000
5,5,13,,,,,,,2026-08-06 16:33:30.150614,,true,100,11,5,19,,,2,200000,150000
5,5,13,,,,,,,2026-08-06 16:34:00.150614,,true,100,18,14,1,,,2,200000,150000
5,5,13,,,,,,,2026-08-06 16:34:30.150614,,true,100,9,2,9,,,2,200000,150000
5,5,13,,,,,,,2026-08-06 16:35:00.150614,,true,100,10,6,20,,,2,200000,150000
5,5,13,,,,,,,2026-08-06 16:35:30.150614,,true,100,2,19,2,,,2,200000,150000
5,5,13,,,,,,,2026-08-06 16:36:00.150614,,true,100,6,10,8,,,2,200000,150000
5,5,13,,,,,,,2026-08-06 16:36:30.150614,,true,100,10,15,9,,,2,200000,150000
5,5,13,,,,,,,2026-08-06 16:37:00.150614,,true,100,5,9,0,,,2,200000,150000
5,5,13,,,,,,,2026-08-06 16:37:30.150614,,true,100,7,12,4,,,2,200000,150000
5,5,13,,,,,,,2026-08-06 16:38:00.150614,,true,100,5,19,12,,,2,200000,150000
5,5,13,,,,,,,2026-08-06 16:38:30.150614,,true,100,0,14,20,,,2,200000,150000
5,5,13,,,,,,,2026-08-06 16:39:00.150614,,true,100,8,5,2,,,2,200000,150000
5,5,13,,,,,,,2026-08-06 16:39:30.150614,,true,100,5,7,8,,,2,200000,150000
5,5,13,,,,,,,2026-08-06 16:40:00.150614,,true,100,20,18,5,,,2,200000,150000
5,5,13,,,,,,,2026-08-06 16:40:30.150614,,true,100,3,3,7,,,2,200000,150000
5,5,13,,,,,,,2026-08-06 16:41:00.150614,,true,100,1,12,12,,,2,200000,150000
5,5,13,,,,,,,2026-08-06 16:41:30.150614,,true,100,4,12,16,,,2,200000,150000
5,5,13,,,,,,,2026-08-06 16:42:00.150614,,true,100,6,12,20,,,2,200000,150000
5,5,13,,,,,,,2026-08-06 16:42:30.150614,,true,100,1,9,4,,,2,200000,150000
5,5,13,,,,,,,2026-08-06 16:43:00.150614,,true,100,12,14,14,,,2,200000,150000
5,5,13,,,,,,,2026-08-06 16:43:30.150614,,true,100,18,6,13,,,2,200000,150000
5,5,13,,,,,,,2026-08-06 16:44:00.150614,,true,100,10,19,19,,,2,200000,150000
5,5,13,,,,,,,2026-08-06 16:44:30.150614,,true,100,18,7,20,,,2,200000,150000
5,5,13,,,,,,,2026-08-06 16:45:00.150614,,true,100,19,0,19,,,2,200000,150000
5,5,13,,,,,,,2026-08-06 16:45:30.150614,,true,100,0,2,7,,,2,200000,150000
5,5,13,,,,,,,2026-08-06 16:46:00.150614,,true,100,4,1,16,,,2,200000,150000
5,5,13,,,,,,,2026-08-06 16:46:30.150614,,true,100,14,17,18,,,2,200000,150000
5,5,13,,,,,,,2026-08-06 16:47:00.150614,,true,100,1,14,5,,,2,200000,150000
5,5,13,,,,,,,2026-08-06 16:47:30.150614,,true,100,18,3,12,,,2,200000,150000
5,5,13,,,,,,,2026-08-06 16:48:00.150614,,true,100,18,4,12,,,2,200000,150000
5,5,13,,,,,,,2026-08-06 16:48:30.150614,,true,100,8,8,15,,,2,200000,150000
5,5,13,,,,,,,2026-08-06 16:49:00.150614,,true,100,15,11,6,,,2,200000,150000
5,5,13,,,,,,,2026-08-06 16:49:30.150614,,true,100,6,20,11,,,2,200000,150000
5,5,13,,,,,,,2026-08-06 16:50:00.150614,,true,100,17,6,9,,,2,200000,150000
5,5,13,,,,,,,2026-08-06 16:50:30.150614,,true,100,7,14,5,,,2,200000,150000
5,5,13,,,,,,,2026-08-06 16:51:00.150614,,true,100,8,11,3,,,2,200000,150000
5,5,13,,,,,,,2026-08-06 16:51:30.150614,,true,100,13,0,17,,,2,200000,150000
5,5,13,,,,,,,2026-08-06 16:52:00.150614,,true,100,13,14,13,,,2,200000,150000
5,5,13,,,,,,,2026-08-06 16:52:30.150614,,true,100,18,14,17,,,2,200000,150000
5,5,13,,,,,,,2026-08-06 16:53:00.150614,,true,100,4,1,17,,,2,200000,150000
5,5,13,,,,,,,2026-08-06 16:53:30.150614,,true,100,11,17,7,,,2,200000,150000
5,5,13,,,,,,,2026-08-06 16:54:00.150614,,true,100,1,16,15,,,2,200000,150000
5,5,13,,,,,,,2026-08-06 16:54:30.150614,,true,100,14,15,17,,,2,200000,150000
5,5,13,,,,,,,2026-08-06 16:55:00.150614,,true,100,9,19,19,,,2,200000,150000
5,5,13,,,,,,,2026-08-06 16:55:30.150614,,true,100,5,13,12,,,2,200000,150000
5,5,13,,,,,,,2026-08-06 16:56:00.150614,,true,100,5,4,12,,,2,200000,150000
5,5,13,,,,,,,2026-08-06 16:56:30.150614,,true,100,15,16,10,,,2,200000,150000
5,5,13,,,,,,,2026-08-06 16:57:00.150614,,true,100,9,3,13,,,2,200000,150000
5,5,13,,,,,,,2026-08-06 16:57:30.150614,,true,100,4,0,18,,,2,200000,150000
5,5,13,,,,,,,2026-08-06 16:58:00.150614,,true,100,4,0,9,,,2,200000,150000
5,5,13,,,,,,,2026-08-06 16:58:30.150614,,true,100,18,16,7,,,2,200000,150000
5,5,13,,,,,,,2026-08-06 16:59:00.150614,,true,100,10,1,19,,,2,200000,150000
5,5,13,,,,,,,2026-08-06 16:59:30.150614,,true,100,1,4,9,,,2,200000,150000
